CREATE DATABASE  IF NOT EXISTS `crafting_db` /*!40100 DEFAULT CHARACTER SET utf8 */ /*!80016 DEFAULT ENCRYPTION='N' */;
USE `crafting_db`;
-- MySQL dump 10.13  Distrib 8.0.21, for Win64 (x86_64)
--
-- Host: localhost    Database: crafting_db
-- ------------------------------------------------------
-- Server version	8.0.21

/*!40101 SET @OLD_CHARACTER_SET_CLIENT=@@CHARACTER_SET_CLIENT */;
/*!40101 SET @OLD_CHARACTER_SET_RESULTS=@@CHARACTER_SET_RESULTS */;
/*!40101 SET @OLD_COLLATION_CONNECTION=@@COLLATION_CONNECTION */;
/*!50503 SET NAMES utf8 */;
/*!40103 SET @OLD_TIME_ZONE=@@TIME_ZONE */;
/*!40103 SET TIME_ZONE='+00:00' */;
/*!40014 SET @OLD_UNIQUE_CHECKS=@@UNIQUE_CHECKS, UNIQUE_CHECKS=0 */;
/*!40014 SET @OLD_FOREIGN_KEY_CHECKS=@@FOREIGN_KEY_CHECKS, FOREIGN_KEY_CHECKS=0 */;
/*!40101 SET @OLD_SQL_MODE=@@SQL_MODE, SQL_MODE='NO_AUTO_VALUE_ON_ZERO' */;
/*!40111 SET @OLD_SQL_NOTES=@@SQL_NOTES, SQL_NOTES=0 */;

--
-- Table structure for table `character_classes`
--

DROP TABLE IF EXISTS `character_classes`;
/*!40101 SET @saved_cs_client     = @@character_set_client */;
/*!50503 SET character_set_client = utf8mb4 */;
CREATE TABLE `character_classes` (
  `id` int unsigned NOT NULL AUTO_INCREMENT,
  `name` varchar(255) NOT NULL,
  PRIMARY KEY (`id`)
) ENGINE=InnoDB AUTO_INCREMENT=11 DEFAULT CHARSET=utf8;
/*!40101 SET character_set_client = @saved_cs_client */;

--
-- Dumping data for table `character_classes`
--

LOCK TABLES `character_classes` WRITE;
/*!40000 ALTER TABLE `character_classes` DISABLE KEYS */;
INSERT INTO `character_classes` VALUES (1,'non mi integer'),(2,'mauris'),(3,'ut suscipit a'),(4,'malesuada in'),(5,'mi integer'),(6,'rhoncus sed'),(7,'vivamus vestibulum sagittis'),(8,'faucibus orci'),(9,'nunc'),(10,'venenatis tristique fusce');
/*!40000 ALTER TABLE `character_classes` ENABLE KEYS */;
UNLOCK TABLES;

--
-- Table structure for table `damage_types`
--

DROP TABLE IF EXISTS `damage_types`;
/*!40101 SET @saved_cs_client     = @@character_set_client */;
/*!50503 SET character_set_client = utf8mb4 */;
CREATE TABLE `damage_types` (
  `id` int unsigned NOT NULL AUTO_INCREMENT,
  `name` varchar(255) NOT NULL,
  `defense_type_id` int unsigned DEFAULT NULL,
  PRIMARY KEY (`id`),
  KEY `defense_type_id_idx` (`defense_type_id`),
  CONSTRAINT `defense_type_id_dm` FOREIGN KEY (`defense_type_id`) REFERENCES `defense_types` (`id`) ON DELETE SET NULL ON UPDATE CASCADE
) ENGINE=InnoDB AUTO_INCREMENT=11 DEFAULT CHARSET=utf8;
/*!40101 SET character_set_client = @saved_cs_client */;

--
-- Dumping data for table `damage_types`
--

LOCK TABLES `damage_types` WRITE;
/*!40000 ALTER TABLE `damage_types` DISABLE KEYS */;
INSERT INTO `damage_types` VALUES (1,'luctus',NULL),(2,'a libero nam',4),(3,'eget massa',8),(4,'pulvinar sed nisl',7),(5,'et',5),(6,'vel accumsan tellus',2),(7,'odio justo sollicitudin',1),(8,'id sapien in',NULL),(9,'lobortis',7),(10,'erat',4);
/*!40000 ALTER TABLE `damage_types` ENABLE KEYS */;
UNLOCK TABLES;

--
-- Table structure for table `defense_types`
--

DROP TABLE IF EXISTS `defense_types`;
/*!40101 SET @saved_cs_client     = @@character_set_client */;
/*!50503 SET character_set_client = utf8mb4 */;
CREATE TABLE `defense_types` (
  `id` int unsigned NOT NULL AUTO_INCREMENT,
  `name` varchar(255) NOT NULL,
  PRIMARY KEY (`id`)
) ENGINE=InnoDB AUTO_INCREMENT=11 DEFAULT CHARSET=utf8;
/*!40101 SET character_set_client = @saved_cs_client */;

--
-- Dumping data for table `defense_types`
--

LOCK TABLES `defense_types` WRITE;
/*!40000 ALTER TABLE `defense_types` DISABLE KEYS */;
INSERT INTO `defense_types` VALUES (1,'luctus'),(2,'nec euismod'),(3,'euismod scelerisque'),(4,'sed vestibulum'),(5,'tortor eu pede'),(6,'vitae consectetuer'),(7,'est'),(8,'in congue'),(9,'lectus'),(10,'ut massa');
/*!40000 ALTER TABLE `defense_types` ENABLE KEYS */;
UNLOCK TABLES;

--
-- Temporary view structure for view `detailed_items`
--

DROP TABLE IF EXISTS `detailed_items`;
/*!50001 DROP VIEW IF EXISTS `detailed_items`*/;
SET @saved_cs_client     = @@character_set_client;
/*!50503 SET character_set_client = utf8mb4 */;
/*!50001 CREATE VIEW `detailed_items` AS SELECT 
 1 AS `Item`,
 1 AS `Description`,
 1 AS `Type`,
 1 AS `Class`,
 1 AS `Rarity`,
 1 AS `Damage`,
 1 AS `Damage type`,
 1 AS `Defense`,
 1 AS `Defense type`,
 1 AS `Price`,
 1 AS `Stack`*/;
SET character_set_client = @saved_cs_client;

--
-- Table structure for table `effect_types`
--

DROP TABLE IF EXISTS `effect_types`;
/*!40101 SET @saved_cs_client     = @@character_set_client */;
/*!50503 SET character_set_client = utf8mb4 */;
CREATE TABLE `effect_types` (
  `id` int unsigned NOT NULL AUTO_INCREMENT,
  `name` varchar(255) NOT NULL,
  PRIMARY KEY (`id`)
) ENGINE=InnoDB AUTO_INCREMENT=11 DEFAULT CHARSET=utf8;
/*!40101 SET character_set_client = @saved_cs_client */;

--
-- Dumping data for table `effect_types`
--

LOCK TABLES `effect_types` WRITE;
/*!40000 ALTER TABLE `effect_types` DISABLE KEYS */;
INSERT INTO `effect_types` VALUES (1,'turpis'),(2,'donec'),(3,'curabitur'),(4,'platea'),(5,'mi'),(6,'eu mi nulla'),(7,'porttitor'),(8,'varius nulla facilisi'),(9,'ante'),(10,'curae donec');
/*!40000 ALTER TABLE `effect_types` ENABLE KEYS */;
UNLOCK TABLES;

--
-- Table structure for table `effects`
--

DROP TABLE IF EXISTS `effects`;
/*!40101 SET @saved_cs_client     = @@character_set_client */;
/*!50503 SET character_set_client = utf8mb4 */;
CREATE TABLE `effects` (
  `id` int unsigned NOT NULL AUTO_INCREMENT,
  `name` varchar(255) NOT NULL,
  `description` text NOT NULL,
  `image_id` int unsigned DEFAULT NULL,
  `effect_type_id` int unsigned NOT NULL,
  PRIMARY KEY (`id`),
  KEY `effect_type_id_idx` (`effect_type_id`),
  KEY `image_idx` (`image_id`),
  KEY `effect_name` (`name`),
  CONSTRAINT `effect_type_id_e` FOREIGN KEY (`effect_type_id`) REFERENCES `effect_types` (`id`) ON DELETE RESTRICT ON UPDATE CASCADE,
  CONSTRAINT `image_id_e` FOREIGN KEY (`image_id`) REFERENCES `images` (`id`) ON DELETE SET NULL ON UPDATE CASCADE
) ENGINE=InnoDB AUTO_INCREMENT=101 DEFAULT CHARSET=utf8;
/*!40101 SET character_set_client = @saved_cs_client */;

--
-- Dumping data for table `effects`
--

LOCK TABLES `effects` WRITE;
/*!40000 ALTER TABLE `effects` DISABLE KEYS */;
INSERT INTO `effects` VALUES (1,'donec posuere metus','hac habitasse platea dictumst morbi',275,3),(2,'sollicitudin vitae','aliquam augue quam sollicitudin vitae consectetuer eget rutrum at lorem',501,7),(3,'in libero ut','quis turpis sed ante vivamus tortor duis',442,10),(4,'curabitur in','id sapien in sapien iaculis congue vivamus metus arcu adipiscing',993,6),(5,'mattis odio','a nibh in quis justo maecenas rhoncus aliquam lacus morbi',917,6),(6,'pede justo lacinia','potenti cras in purus eu magna vulputate',530,6),(7,'varius nulla','quis turpis sed ante',932,5),(8,'commodo','at turpis donec posuere metus',NULL,2),(9,'odio','magna bibendum imperdiet nullam orci pede venenatis',116,3),(10,'ipsum primis','mauris viverra diam',610,3),(11,'ut rhoncus aliquet','tincidunt eget tempus vel pede morbi porttitor lorem',968,1),(12,'erat curabitur gravida','eros vestibulum ac est lacinia nisi venenatis tristique fusce',246,4),(13,'duis mattis','eros elementum pellentesque quisque porta volutpat erat quisque',NULL,1),(14,'natoque penatibus et','auctor sed tristique in tempus sit amet',715,1),(15,'cras in purus','ut massa volutpat',NULL,6),(16,'neque duis bibendum','lectus vestibulum quam sapien varius ut',735,9),(17,'at','adipiscing elit proin interdum mauris non ligula',593,7),(18,'cum sociis','consequat nulla nisl nunc nisl duis bibendum felis',NULL,3),(19,'faucibus','penatibus et magnis',395,10),(20,'in faucibus orci','interdum mauris non ligula pellentesque ultrices phasellus',NULL,9),(21,'integer non','tempus vivamus in felis eu sapien cursus vestibulum proin eu',224,1),(22,'in porttitor','nibh fusce lacus purus',888,10),(23,'sit','suscipit a feugiat et eros vestibulum ac',509,3),(24,'viverra diam','ut at dolor quis odio consequat varius integer ac',347,3),(25,'ante ipsum primis','lacinia sapien quis libero nullam sit amet',682,9),(26,'orci luctus','purus eu magna vulputate luctus cum sociis natoque penatibus et',260,3),(27,'tristique','in eleifend quam a odio in hac habitasse platea dictumst',387,8),(28,'quam suspendisse','luctus et ultrices',719,4),(29,'velit donec diam','porttitor lorem id ligula suspendisse ornare',725,10),(30,'aliquet','venenatis lacinia aenean sit amet justo morbi',270,2),(31,'sapien','libero quis orci nullam molestie nibh in lectus',757,5),(32,'ipsum integer','proin interdum mauris non ligula pellentesque ultrices',529,1),(33,'sem fusce','varius ut blandit non interdum in ante vestibulum ante ipsum',393,8),(34,'consectetuer','nisl aenean lectus pellentesque eget',928,9),(35,'iaculis','convallis nulla neque',589,3),(36,'consequat morbi','amet lobortis sapien',638,6),(37,'morbi','dolor vel est donec odio',137,8),(38,'sem','vestibulum sed magna at nunc commodo placerat praesent',749,6),(39,'enim','natoque penatibus et magnis dis parturient montes nascetur ridiculus',121,9),(40,'nulla sed accumsan','consequat ut nulla sed',946,8),(41,'faucibus cursus','nibh in lectus',386,6),(42,'id turpis','id luctus nec molestie sed justo pellentesque viverra',649,8),(43,'justo aliquam','semper porta volutpat quam pede lobortis ligula',97,8),(44,'in','interdum mauris ullamcorper purus sit amet nulla quisque',465,10),(45,'ante','amet eros suspendisse accumsan tortor quis turpis sed',16,9),(46,'nunc commodo','nec nisi vulputate',742,3),(47,'ut erat','volutpat quam pede lobortis',NULL,9),(48,'ipsum primis in','lorem integer tincidunt ante vel ipsum praesent',875,2),(49,'at nibh in','vulputate nonummy maecenas',917,1),(50,'in','non lectus aliquam sit amet diam in magna bibendum',533,7),(51,'sit','in faucibus orci luctus et ultrices posuere cubilia curae nulla',NULL,10),(52,'porttitor lorem id','magna at nunc commodo',155,6),(53,'sit amet sapien','donec posuere metus vitae ipsum aliquam',661,4),(54,'in leo','consequat dui nec nisi',459,4),(55,'viverra diam','volutpat convallis morbi odio odio',310,10),(56,'hac','in est risus auctor sed',103,1),(57,'non','id ligula suspendisse ornare consequat lectus in est',NULL,1),(58,'dolor','nunc purus phasellus in felis donec semper sapien',759,8),(59,'pharetra magna','ante ipsum primis in faucibus orci luctus',267,1),(60,'augue','vivamus vestibulum sagittis',735,7),(61,'bibendum morbi','rhoncus dui vel sem sed sagittis',201,5),(62,'luctus','pellentesque ultrices phasellus id sapien in sapien iaculis congue',449,3),(63,'ut rhoncus','enim sit amet nunc',NULL,8),(64,'sit','phasellus sit amet',NULL,6),(65,'nulla ultrices','tristique fusce congue diam id ornare imperdiet sapien urna pretium',649,2),(66,'nisi nam','nibh in lectus pellentesque at',628,7),(67,'tincidunt','turpis nec euismod scelerisque quam turpis adipiscing lorem vitae',301,8),(68,'diam','eu magna vulputate luctus cum sociis natoque',615,10),(69,'montes nascetur ridiculus','nisl aenean lectus pellentesque eget nunc donec quis orci',NULL,6),(70,'viverra pede ac','purus aliquet at feugiat non pretium quis lectus suspendisse',145,6),(71,'tempor convallis nulla','scelerisque quam turpis',794,7),(72,'venenatis turpis','viverra pede ac',NULL,7),(73,'nunc proin at','arcu adipiscing molestie hendrerit at vulputate vitae',898,8),(74,'in','cursus vestibulum proin eu',102,9),(75,'non velit','non sodales sed tincidunt',349,4),(76,'in faucibus','leo odio condimentum id luctus nec molestie sed justo',694,10),(77,'donec odio justo','enim leo rhoncus sed vestibulum sit amet cursus id',74,7),(78,'vivamus','sit amet eleifend pede libero quis orci nullam molestie',788,7),(79,'eros','in quis justo maecenas rhoncus aliquam lacus morbi quis',364,3),(80,'ipsum dolor','lacinia sapien quis libero nullam sit amet',829,5),(81,'sit amet','ut suscipit a feugiat et',374,3),(82,'platea','vestibulum ante ipsum primis in faucibus orci luctus et ultrices',513,10),(83,'duis','adipiscing elit proin risus praesent lectus vestibulum',119,10),(84,'iaculis','mauris viverra diam vitae',184,6),(85,'libero non','neque aenean auctor gravida sem praesent id massa id nisl',488,1),(86,'facilisi','posuere cubilia curae duis faucibus accumsan odio curabitur convallis',485,4),(87,'bibendum imperdiet nullam','justo in blandit ultrices enim lorem ipsum',700,10),(88,'quisque id justo','at nunc commodo placerat praesent blandit',719,7),(89,'quam sapien varius','leo odio condimentum id luctus nec molestie sed justo pellentesque',144,10),(90,'at lorem integer','integer ac neque duis bibendum',634,1),(91,'sit amet erat','nunc rhoncus dui vel sem sed sagittis nam congue risus',NULL,10),(92,'orci','id pretium iaculis diam',383,7),(93,'orci mauris lacinia','ante nulla justo aliquam quis turpis eget elit sodales scelerisque',50,10),(94,'erat fermentum','vestibulum velit id pretium iaculis diam',311,1),(95,'fusce consequat nulla','tincidunt eget tempus vel',125,1),(96,'ornare imperdiet','eget vulputate ut ultrices vel augue vestibulum ante ipsum',46,2),(97,'semper sapien','augue vel accumsan tellus nisi eu orci mauris',845,7),(98,'eget','integer tincidunt ante vel ipsum praesent blandit lacinia erat vestibulum',647,5),(99,'nunc donec','lacus curabitur at',535,6),(100,'ante vivamus tortor','duis bibendum morbi',609,5);
/*!40000 ALTER TABLE `effects` ENABLE KEYS */;
UNLOCK TABLES;

--
-- Table structure for table `images`
--

DROP TABLE IF EXISTS `images`;
/*!40101 SET @saved_cs_client     = @@character_set_client */;
/*!50503 SET character_set_client = utf8mb4 */;
CREATE TABLE `images` (
  `id` int unsigned NOT NULL AUTO_INCREMENT,
  `path` varchar(255) NOT NULL,
  PRIMARY KEY (`id`)
) ENGINE=InnoDB AUTO_INCREMENT=1001 DEFAULT CHARSET=utf8;
/*!40101 SET character_set_client = @saved_cs_client */;

--
-- Dumping data for table `images`
--

LOCK TABLES `images` WRITE;
/*!40000 ALTER TABLE `images` DISABLE KEYS */;
INSERT INTO `images` VALUES (1,'suspendisse_ornare_consequat.png'),(2,'magnis_dis.ppt'),(3,'eleifend_quam_a.ppt'),(4,'hac_habitasse_platea.png'),(5,'pede_libero.ppt'),(6,'rutrum_neque.tiff'),(7,'hac_habitasse_platea.mp3'),(8,'pellentesque_volutpat.avi'),(9,'dolor_quis.ppt'),(10,'eget_semper.mp3'),(11,'morbi.ppt'),(12,'fusce.png'),(13,'sit_amet.mpeg'),(14,'magna_vulputate_luctus.mp3'),(15,'fusce_lacus_purus.ppt'),(16,'blandit_non_interdum.ppt'),(17,'nam_congue_risus.tiff'),(18,'diam.jpeg'),(19,'augue_quam.avi'),(20,'luctus.ppt'),(21,'nisi.xls'),(22,'arcu_sed.jpeg'),(23,'dui_luctus_rutrum.mp3'),(24,'cubilia_curae.jpeg'),(25,'consequat_morbi_a.xls'),(26,'in_faucibus_orci.xls'),(27,'quisque.mp3'),(28,'sit.mpeg'),(29,'duis_mattis.mpeg'),(30,'lacinia.mp3'),(31,'quam_sollicitudin.mov'),(32,'eleifend_luctus.mpeg'),(33,'hendrerit_at.tiff'),(34,'pede.mp3'),(35,'suscipit_ligula_in.avi'),(36,'orci_luctus_et.doc'),(37,'commodo_placerat_praesent.avi'),(38,'tincidunt.avi'),(39,'nullam.avi'),(40,'ac_leo_pellentesque.gif'),(41,'congue_vivamus_metus.xls'),(42,'odio.ppt'),(43,'morbi.avi'),(44,'nonummy_integer.avi'),(45,'semper.ppt'),(46,'porta.doc'),(47,'posuere_felis_sed.ppt'),(48,'amet_sapien_dignissim.mp3'),(49,'est_risus_auctor.avi'),(50,'facilisi.mp3'),(51,'justo_maecenas_rhoncus.mpeg'),(52,'lacus.ppt'),(53,'suspendisse_potenti_in.avi'),(54,'diam_erat.jpeg'),(55,'amet_eros_suspendisse.gif'),(56,'libero_nullam_sit.ppt'),(57,'consequat_morbi_a.ppt'),(58,'dui_vel_sem.gif'),(59,'tincidunt.mpeg'),(60,'venenatis_turpis_enim.xls'),(61,'accumsan_tellus.xls'),(62,'tortor_risus_dapibus.ppt'),(63,'eleifend_donec.ppt'),(64,'amet_cursus_id.xls'),(65,'ante_ipsum.mp3'),(66,'orci_luctus.mp3'),(67,'consectetuer_adipiscing_elit.tiff'),(68,'a.avi'),(69,'magna.mp3'),(70,'eleifend.xls'),(71,'mattis_odio.ppt'),(72,'dapibus_duis_at.avi'),(73,'nulla_tellus_in.ppt'),(74,'semper_est_quam.ppt'),(75,'nunc_purus_phasellus.mp3'),(76,'consequat_morbi.tiff'),(77,'at_ipsum_ac.mp3'),(78,'purus_aliquet_at.avi'),(79,'commodo_placerat.mp3'),(80,'justo.ppt'),(81,'sapien_arcu_sed.tiff'),(82,'blandit_mi_in.avi'),(83,'mauris_lacinia.xls'),(84,'primis_in.mp3'),(85,'suscipit_a_feugiat.mp3'),(86,'volutpat.txt'),(87,'egestas.tiff'),(88,'quis_libero_nullam.ppt'),(89,'ut.xls'),(90,'mauris_non.tiff'),(91,'in.mov'),(92,'vel_augue_vestibulum.mp3'),(93,'imperdiet.pdf'),(94,'quam_pede.xls'),(95,'at_feugiat_non.tiff'),(96,'aliquet_at.ppt'),(97,'suspendisse.avi'),(98,'morbi_non_lectus.ppt'),(99,'nisi_volutpat.ppt'),(100,'curabitur_in.png'),(101,'neque.mov'),(102,'ut_massa.mp3'),(103,'posuere_cubilia.avi'),(104,'sit_amet_diam.tiff'),(105,'ut_erat.ppt'),(106,'ut_rhoncus_aliquet.mp3'),(107,'vestibulum_eget_vulputate.gif'),(108,'odio_porttitor.txt'),(109,'odio.tiff'),(110,'justo_eu_massa.avi'),(111,'sapien_varius.pdf'),(112,'amet.ppt'),(113,'dolor_morbi_vel.avi'),(114,'posuere.avi'),(115,'ultrices_aliquet_maecenas.ppt'),(116,'mauris_morbi_non.mpeg'),(117,'duis_ac_nibh.mp3'),(118,'curabitur.mp3'),(119,'vestibulum.xls'),(120,'congue_diam.tiff'),(121,'dis.ppt'),(122,'vel_nulla_eget.mp3'),(123,'mattis.xls'),(124,'augue_aliquam.jpeg'),(125,'commodo.doc'),(126,'fusce_posuere.avi'),(127,'est_risus_auctor.mp3'),(128,'justo_maecenas.avi'),(129,'in_faucibus.mpeg'),(130,'turpis.tiff'),(131,'imperdiet.avi'),(132,'ut_massa.ppt'),(133,'tempor.gif'),(134,'eget_nunc.ppt'),(135,'pretium_iaculis_diam.jpeg'),(136,'mauris.tiff'),(137,'ut_rhoncus_aliquet.xls'),(138,'sagittis.ppt'),(139,'congue_vivamus.ppt'),(140,'vulputate.ppt'),(141,'ac.xls'),(142,'interdum_mauris_non.tiff'),(143,'nam_dui_proin.xls'),(144,'viverra_dapibus.mp3'),(145,'nullam_orci_pede.xls'),(146,'leo.pdf'),(147,'nulla_sed_vel.tiff'),(148,'lacinia_eget.doc'),(149,'massa_quis_augue.txt'),(150,'integer_pede_justo.avi'),(151,'elit.xls'),(152,'lacus_at_velit.gif'),(153,'aenean.jpeg'),(154,'viverra_eget_congue.pdf'),(155,'porta_volutpat.ppt'),(156,'ac.ppt'),(157,'lorem.avi'),(158,'consequat_morbi.mp3'),(159,'lectus.pdf'),(160,'feugiat.mp3'),(161,'consectetuer_adipiscing.mp3'),(162,'aliquam_augue.avi'),(163,'rutrum_nulla_nunc.avi'),(164,'praesent_id.tiff'),(165,'eget_congue_eget.ppt'),(166,'dolor_quis_odio.mov'),(167,'nulla.ppt'),(168,'dictumst_aliquam_augue.ppt'),(169,'consequat_dui_nec.mp3'),(170,'parturient.xls'),(171,'nulla_ut_erat.tiff'),(172,'nec_sem.xls'),(173,'tristique.ppt'),(174,'non_velit_donec.ppt'),(175,'in.ppt'),(176,'morbi.xls'),(177,'fringilla.mov'),(178,'metus_aenean.mpeg'),(179,'volutpat_in.ppt'),(180,'in_hac_habitasse.mov'),(181,'justo_aliquam_quis.mpeg'),(182,'quam.xls'),(183,'orci_pede.pdf'),(184,'turpis_donec_posuere.png'),(185,'blandit.txt'),(186,'neque.gif'),(187,'neque_sapien.pdf'),(188,'convallis.png'),(189,'nunc_donec.avi'),(190,'nullam.avi'),(191,'nec_dui.mpeg'),(192,'dapibus_augue.png'),(193,'pulvinar_sed.ppt'),(194,'cum.txt'),(195,'quisque_ut.jpeg'),(196,'urna_ut.avi'),(197,'ipsum_dolor.mp3'),(198,'diam_vitae_quam.tiff'),(199,'nulla_elit_ac.xls'),(200,'ut_massa.jpeg'),(201,'velit.xls'),(202,'vestibulum.avi'),(203,'lectus_vestibulum_quam.txt'),(204,'consequat_varius.ppt'),(205,'dolor_vel_est.xls'),(206,'luctus_nec.ppt'),(207,'phasellus.xls'),(208,'mus_etiam_vel.jpeg'),(209,'vel_ipsum_praesent.tiff'),(210,'donec_dapibus_duis.doc'),(211,'odio_porttitor.mp3'),(212,'elit_proin_interdum.avi'),(213,'aliquam.avi'),(214,'ultrices_phasellus.avi'),(215,'justo_eu_massa.tiff'),(216,'risus.tiff'),(217,'sagittis_nam.mov'),(218,'elit.txt'),(219,'curabitur_convallis_duis.ppt'),(220,'cubilia.jpeg'),(221,'at_turpis.png'),(222,'pellentesque_ultrices_mattis.ppt'),(223,'a_nibh.xls'),(224,'pretium_iaculis.doc'),(225,'nascetur_ridiculus_mus.gif'),(226,'volutpat_sapien.mp3'),(227,'ipsum_primis.tiff'),(228,'neque_duis_bibendum.mp3'),(229,'venenatis_turpis.txt'),(230,'donec_vitae.png'),(231,'eleifend.tiff'),(232,'massa_donec_dapibus.mp3'),(233,'nulla.jpeg'),(234,'nulla.avi'),(235,'eget_massa.jpeg'),(236,'vestibulum.mp3'),(237,'facilisi_cras.doc'),(238,'morbi_non.gif'),(239,'volutpat_dui.avi'),(240,'aliquet_at_feugiat.tiff'),(241,'lacus_curabitur_at.mpeg'),(242,'a_libero.pdf'),(243,'elit_proin_interdum.ppt'),(244,'nec_dui.xls'),(245,'fusce.ppt'),(246,'primis_in.tiff'),(247,'vestibulum_sagittis_sapien.ppt'),(248,'nunc_donec_quis.png'),(249,'diam_neque.doc'),(250,'lacinia_sapien_quis.xls'),(251,'morbi.gif'),(252,'maecenas.tiff'),(253,'volutpat_erat_quisque.avi'),(254,'purus_phasellus_in.mpeg'),(255,'vehicula_consequat_morbi.mp3'),(256,'morbi_non_lectus.jpeg'),(257,'ipsum_primis.mp3'),(258,'massa_donec_dapibus.jpeg'),(259,'lacinia_erat.avi'),(260,'quis_tortor.avi'),(261,'vestibulum_velit_id.mov'),(262,'ac_nibh.avi'),(263,'semper_est.mov'),(264,'justo_in.xls'),(265,'nulla_suspendisse.ppt'),(266,'ultricies_eu.avi'),(267,'est.mpeg'),(268,'porta.ppt'),(269,'praesent.doc'),(270,'eu.mov'),(271,'magna_vulputate.avi'),(272,'nascetur_ridiculus_mus.mp3'),(273,'tortor_id_nulla.tiff'),(274,'tortor_quis.jpeg'),(275,'orci_luctus_et.tiff'),(276,'dictumst_maecenas_ut.doc'),(277,'augue_quam.ppt'),(278,'sit.mp3'),(279,'non_velit.jpeg'),(280,'pellentesque.avi'),(281,'quisque_ut_erat.avi'),(282,'nulla_facilisi.mpeg'),(283,'odio.jpeg'),(284,'purus_phasellus_in.jpeg'),(285,'ridiculus_mus_vivamus.avi'),(286,'vulputate.mp3'),(287,'nec_sem.txt'),(288,'nisl.png'),(289,'tempus_sit_amet.ppt'),(290,'convallis_nunc_proin.mpeg'),(291,'potenti_nullam.ppt'),(292,'diam_erat.ppt'),(293,'libero_nam_dui.xls'),(294,'metus_aenean_fermentum.mov'),(295,'est_lacinia_nisi.doc'),(296,'convallis.ppt'),(297,'blandit_nam.avi'),(298,'erat_quisque.xls'),(299,'eu.mov'),(300,'vitae_consectetuer.mp3'),(301,'urna.tiff'),(302,'volutpat.pdf'),(303,'interdum_mauris.ppt'),(304,'sit_amet_sem.jpeg'),(305,'dolor_sit.xls'),(306,'lacus_morbi_quis.tiff'),(307,'a_feugiat_et.xls'),(308,'ante_vel.ppt'),(309,'suscipit_ligula.ppt'),(310,'etiam_faucibus.txt'),(311,'justo_nec.xls'),(312,'donec.mp3'),(313,'ut.avi'),(314,'elementum.mp3'),(315,'molestie_lorem.avi'),(316,'feugiat_et_eros.mp3'),(317,'duis_faucibus.txt'),(318,'nam.mp3'),(319,'sed.mp3'),(320,'quisque_porta_volutpat.jpeg'),(321,'duis.xls'),(322,'suspendisse_potenti_cras.doc'),(323,'diam.avi'),(324,'magna_ac_consequat.jpeg'),(325,'diam_vitae_quam.xls'),(326,'ut.mp3'),(327,'volutpat_eleifend.avi'),(328,'fusce_consequat.xls'),(329,'tortor_duis.mp3'),(330,'proin_at_turpis.avi'),(331,'nam_dui.tiff'),(332,'eros.mp3'),(333,'eget_tempus.ppt'),(334,'ultricies_eu.tiff'),(335,'porttitor_pede.ppt'),(336,'sed_justo.png'),(337,'rutrum_at.xls'),(338,'blandit.tiff'),(339,'consequat.doc'),(340,'dui_vel_sem.xls'),(341,'a_suscipit_nulla.mpeg'),(342,'turpis_a.doc'),(343,'sem.avi'),(344,'vel_est.png'),(345,'mauris_lacinia.mov'),(346,'neque_aenean_auctor.doc'),(347,'in.ppt'),(348,'habitasse.txt'),(349,'tristique_in_tempus.avi'),(350,'in.avi'),(351,'cursus.mpeg'),(352,'consectetuer.ppt'),(353,'suspendisse_potenti.mp3'),(354,'vulputate_ut_ultrices.avi'),(355,'enim.ppt'),(356,'phasellus.ppt'),(357,'amet.avi'),(358,'nunc_proin.xls'),(359,'ipsum.png'),(360,'arcu_sed_augue.tiff'),(361,'vitae_ipsum_aliquam.mp3'),(362,'imperdiet_et.ppt'),(363,'turpis_nec_euismod.tiff'),(364,'interdum_eu_tincidunt.mp3'),(365,'rhoncus_sed_vestibulum.xls'),(366,'sit.pdf'),(367,'nulla_eget.ppt'),(368,'dapibus.doc'),(369,'volutpat_in_congue.mpeg'),(370,'tristique_fusce.txt'),(371,'semper_est.gif'),(372,'vitae.txt'),(373,'nec_nisi_vulputate.mp3'),(374,'at.doc'),(375,'sed_magna.mp3'),(376,'eros.gif'),(377,'augue_aliquam_erat.png'),(378,'nec_euismod_scelerisque.mpeg'),(379,'mauris.xls'),(380,'orci_eget_orci.mp3'),(381,'nec_dui_luctus.mov'),(382,'augue.avi'),(383,'vestibulum_ante.mov'),(384,'at_turpis.ppt'),(385,'quam.mp3'),(386,'primis_in.mp3'),(387,'magna.doc'),(388,'accumsan_tortor_quis.xls'),(389,'eget_rutrum.png'),(390,'adipiscing.xls'),(391,'accumsan.jpeg'),(392,'nibh_fusce_lacus.png'),(393,'viverra_eget.ppt'),(394,'augue.doc'),(395,'volutpat.ppt'),(396,'turpis_sed.mp3'),(397,'dolor.tiff'),(398,'eros_elementum_pellentesque.avi'),(399,'mauris_morbi_non.xls'),(400,'posuere.mp3'),(401,'lectus_suspendisse.pdf'),(402,'justo.doc'),(403,'quam.ppt'),(404,'morbi.mp3'),(405,'donec_odio.mov'),(406,'sapien_varius.ppt'),(407,'nec.mp3'),(408,'fusce.xls'),(409,'nam_congue_risus.xls'),(410,'consectetuer_adipiscing_elit.tiff'),(411,'sed_ante.doc'),(412,'vestibulum.jpeg'),(413,'duis_bibendum.avi'),(414,'sed.txt'),(415,'faucibus_orci_luctus.jpeg'),(416,'diam_erat_fermentum.xls'),(417,'pulvinar_sed.xls'),(418,'orci_pede.xls'),(419,'massa_id.tiff'),(420,'duis_bibendum_morbi.ppt'),(421,'ultrices_enim_lorem.mov'),(422,'rutrum_nulla_nunc.jpeg'),(423,'vitae_ipsum.ppt'),(424,'elementum.jpeg'),(425,'erat.xls'),(426,'molestie_nibh.mov'),(427,'blandit_nam_nulla.mp3'),(428,'mauris_vulputate.txt'),(429,'nulla_ac.txt'),(430,'leo_odio.xls'),(431,'urna_pretium_nisl.xls'),(432,'nisi_venenatis.mov'),(433,'nulla_nunc.ppt'),(434,'semper.xls'),(435,'ultrices_posuere_cubilia.mp3'),(436,'consectetuer_adipiscing_elit.ppt'),(437,'posuere_cubilia.avi'),(438,'donec_semper_sapien.xls'),(439,'in_faucibus.xls'),(440,'proin.png'),(441,'sit_amet_justo.xls'),(442,'sem_mauris_laoreet.avi'),(443,'aliquam_sit.avi'),(444,'id.tiff'),(445,'morbi_ut_odio.mp3'),(446,'sem_fusce.xls'),(447,'ultrices.png'),(448,'libero_rutrum.mp3'),(449,'adipiscing.mp3'),(450,'vestibulum.mp3'),(451,'justo_sit.mp3'),(452,'blandit_mi.png'),(453,'nascetur.pdf'),(454,'condimentum.avi'),(455,'mauris_laoreet_ut.mp3'),(456,'penatibus.xls'),(457,'fusce_consequat_nulla.avi'),(458,'maecenas_pulvinar_lobortis.xls'),(459,'faucibus_orci_luctus.ppt'),(460,'eget.ppt'),(461,'suspendisse_accumsan_tortor.png'),(462,'suscipit_ligula_in.mp3'),(463,'non.gif'),(464,'fusce_congue_diam.jpeg'),(465,'dui_nec_nisi.tiff'),(466,'praesent_lectus_vestibulum.mp3'),(467,'sapien_placerat_ante.ppt'),(468,'ante_ipsum.mp3'),(469,'quis.mpeg'),(470,'dapibus.xls'),(471,'pede.mp3'),(472,'vel_lectus.mp3'),(473,'ac.gif'),(474,'tempus_sit_amet.xls'),(475,'nulla_facilisi_cras.pdf'),(476,'facilisi_cras.ppt'),(477,'velit_donec_diam.ppt'),(478,'sagittis_sapien.ppt'),(479,'justo_eu_massa.ppt'),(480,'consequat_varius.tiff'),(481,'sapien.ppt'),(482,'nulla_facilisi_cras.doc'),(483,'eget_eros_elementum.avi'),(484,'nisi_volutpat_eleifend.xls'),(485,'integer_ac.mp3'),(486,'consequat_lectus.ppt'),(487,'sit_amet.ppt'),(488,'phasellus_in.tiff'),(489,'blandit_mi_in.avi'),(490,'in_hac.pdf'),(491,'venenatis.tiff'),(492,'in.mp3'),(493,'tristique_fusce_congue.mp3'),(494,'molestie_sed.jpeg'),(495,'quis_lectus_suspendisse.ppt'),(496,'tellus.pdf'),(497,'amet.txt'),(498,'vitae_quam_suspendisse.xls'),(499,'at.mov'),(500,'at.xls'),(501,'pretium.ppt'),(502,'turpis_sed_ante.mp3'),(503,'velit_id_pretium.ppt'),(504,'sagittis.xls'),(505,'tincidunt.png'),(506,'faucibus_orci.xls'),(507,'dictumst.txt'),(508,'pellentesque_viverra_pede.avi'),(509,'ultrices_erat.ppt'),(510,'ac_est.ppt'),(511,'curae_nulla_dapibus.jpeg'),(512,'non_ligula.mp3'),(513,'faucibus.mp3'),(514,'id_luctus.mp3'),(515,'maecenas_pulvinar_lobortis.avi'),(516,'et.mp3'),(517,'ultrices_erat.xls'),(518,'adipiscing.gif'),(519,'tempor_convallis_nulla.xls'),(520,'turpis_eget.avi'),(521,'non.mp3'),(522,'pellentesque.doc'),(523,'vulputate.mp3'),(524,'nibh_in_lectus.xls'),(525,'in_tempus_sit.pdf'),(526,'nec.mp3'),(527,'in_faucibus_orci.mpeg'),(528,'lectus.mov'),(529,'quisque.mpeg'),(530,'posuere_cubilia.mov'),(531,'ipsum_ac.tiff'),(532,'dui_proin_leo.mp3'),(533,'venenatis.mov'),(534,'vivamus_metus.mp3'),(535,'dolor.mp3'),(536,'vestibulum.txt'),(537,'ipsum.xls'),(538,'proin_interdum_mauris.gif'),(539,'pellentesque.xls'),(540,'vulputate.ppt'),(541,'varius_nulla.xls'),(542,'ante_ipsum.tiff'),(543,'sed_tincidunt.mp3'),(544,'nulla_eget.ppt'),(545,'id.avi'),(546,'mattis_pulvinar_nulla.mp3'),(547,'duis_aliquam_convallis.txt'),(548,'eget_massa_tempor.avi'),(549,'eleifend_donec_ut.mpeg'),(550,'integer_aliquet_massa.xls'),(551,'interdum_mauris_ullamcorper.tiff'),(552,'integer_a_nibh.mp3'),(553,'aliquam.avi'),(554,'augue_aliquam_erat.ppt'),(555,'nibh_in_hac.avi'),(556,'accumsan_odio.ppt'),(557,'ultrices_erat.mpeg'),(558,'non_ligula_pellentesque.txt'),(559,'amet_erat.jpeg'),(560,'massa.jpeg'),(561,'ut.xls'),(562,'ante_ipsum_primis.avi'),(563,'platea.ppt'),(564,'phasellus_id_sapien.gif'),(565,'fringilla_rhoncus_mauris.tiff'),(566,'praesent_blandit.avi'),(567,'felis.ppt'),(568,'nonummy.mp3'),(569,'purus_sit.doc'),(570,'tellus_nulla_ut.jpeg'),(571,'augue_quam_sollicitudin.ppt'),(572,'morbi_non_quam.mp3'),(573,'nunc_vestibulum.mp3'),(574,'quam_pede.ppt'),(575,'morbi_vel_lectus.txt'),(576,'leo.jpeg'),(577,'at.png'),(578,'dolor_vel_est.avi'),(579,'curae_mauris_viverra.mpeg'),(580,'phasellus.png'),(581,'sapien_placerat.pdf'),(582,'erat_vestibulum_sed.xls'),(583,'volutpat.jpeg'),(584,'vel_dapibus.mp3'),(585,'felis.xls'),(586,'ante.avi'),(587,'adipiscing_elit_proin.pdf'),(588,'sed_vestibulum.mp3'),(589,'donec_dapibus.mov'),(590,'posuere_cubilia_curae.pdf'),(591,'adipiscing_molestie_hendrerit.png'),(592,'egestas_metus_aenean.ppt'),(593,'congue_elementum.txt'),(594,'lacus_morbi_quis.avi'),(595,'ut_nulla_sed.jpeg'),(596,'pede_malesuada.png'),(597,'nulla.mp3'),(598,'porttitor.tiff'),(599,'sem_fusce_consequat.mp3'),(600,'rhoncus_mauris.tiff'),(601,'in.xls'),(602,'enim_blandit.xls'),(603,'tellus_nisi.avi'),(604,'semper.xls'),(605,'justo.ppt'),(606,'vitae.avi'),(607,'justo_aliquam.avi'),(608,'neque.ppt'),(609,'platea_dictumst.xls'),(610,'condimentum_curabitur_in.tiff'),(611,'et_magnis_dis.xls'),(612,'at_lorem.tiff'),(613,'erat_quisque.ppt'),(614,'natoque.mp3'),(615,'cursus.xls'),(616,'lacus_at.pdf'),(617,'quisque_erat_eros.ppt'),(618,'justo_sollicitudin.mov'),(619,'ligula_in_lacus.avi'),(620,'sit.mp3'),(621,'consectetuer_adipiscing.mpeg'),(622,'proin_eu.avi'),(623,'interdum_mauris.xls'),(624,'morbi_porttitor_lorem.avi'),(625,'turpis_elementum_ligula.tiff'),(626,'iaculis_justo_in.mp3'),(627,'curae.ppt'),(628,'in_faucibus_orci.gif'),(629,'lacinia_aenean_sit.xls'),(630,'magna_ac.mpeg'),(631,'quis.png'),(632,'duis_at.avi'),(633,'faucibus.mov'),(634,'gravida.gif'),(635,'pede_justo_eu.doc'),(636,'lacus_at.jpeg'),(637,'pulvinar_lobortis.ppt'),(638,'condimentum.mp3'),(639,'amet_justo_morbi.tiff'),(640,'libero_rutrum_ac.ppt'),(641,'ridiculus_mus_etiam.ppt'),(642,'mi_integer_ac.mp3'),(643,'luctus.xls'),(644,'sodales.ppt'),(645,'fusce_lacus.doc'),(646,'ac.mp3'),(647,'pellentesque_eget_nunc.mp3'),(648,'porttitor.doc'),(649,'lectus_in.txt'),(650,'aenean.avi'),(651,'dolor_quis_odio.pdf'),(652,'eget_congue_eget.xls'),(653,'posuere.ppt'),(654,'habitasse.tiff'),(655,'dignissim_vestibulum_vestibulum.mp3'),(656,'phasellus_in.mpeg'),(657,'maecenas_pulvinar.mp3'),(658,'accumsan_tortor_quis.xls'),(659,'volutpat.mp3'),(660,'aliquam_non_mauris.ppt'),(661,'vel_nulla_eget.avi'),(662,'nec_euismod_scelerisque.ppt'),(663,'aliquet_maecenas_leo.doc'),(664,'a_ipsum.xls'),(665,'a_feugiat.avi'),(666,'bibendum_imperdiet.mp3'),(667,'id_justo.avi'),(668,'vestibulum.mp3'),(669,'accumsan_tellus.xls'),(670,'sit_amet_nunc.mpeg'),(671,'faucibus.xls'),(672,'diam.xls'),(673,'ultrices_aliquet.avi'),(674,'molestie.png'),(675,'pulvinar.xls'),(676,'maecenas_tincidunt.mov'),(677,'mauris_viverra_diam.xls'),(678,'vel_ipsum.ppt'),(679,'metus.ppt'),(680,'dignissim_vestibulum.xls'),(681,'pellentesque.xls'),(682,'nunc.xls'),(683,'suspendisse_potenti.avi'),(684,'mauris_ullamcorper_purus.png'),(685,'congue_diam_id.ppt'),(686,'natoque.png'),(687,'pharetra_magna.jpeg'),(688,'nec_dui_luctus.xls'),(689,'et_ultrices_posuere.avi'),(690,'in_sapien.mov'),(691,'nunc.ppt'),(692,'massa_donec.jpeg'),(693,'pede_libero_quis.doc'),(694,'in.mpeg'),(695,'enim.ppt'),(696,'nunc_proin_at.tiff'),(697,'eros_suspendisse.ppt'),(698,'consectetuer_adipiscing.mov'),(699,'mattis.tiff'),(700,'nascetur_ridiculus_mus.mp3'),(701,'magna.ppt'),(702,'lacinia_sapien_quis.ppt'),(703,'et_eros.xls'),(704,'sapien_cum_sociis.avi'),(705,'vel_nulla.xls'),(706,'interdum.avi'),(707,'pretium.tiff'),(708,'nulla.pdf'),(709,'sem_fusce_consequat.gif'),(710,'donec.ppt'),(711,'ultrices_enim_lorem.tiff'),(712,'nibh.ppt'),(713,'primis_in_faucibus.ppt'),(714,'viverra_eget_congue.mp3'),(715,'luctus_et_ultrices.xls'),(716,'nullam_porttitor_lacus.png'),(717,'convallis_duis.xls'),(718,'consequat_morbi_a.xls'),(719,'justo_in_hac.gif'),(720,'molestie.mp3'),(721,'aliquet_ultrices.mp3'),(722,'ut_dolor.mov'),(723,'arcu_sed.ppt'),(724,'odio_cras_mi.tiff'),(725,'eu_sapien.mp3'),(726,'consectetuer.avi'),(727,'lorem_ipsum.doc'),(728,'justo_sollicitudin_ut.doc'),(729,'nascetur_ridiculus_mus.xls'),(730,'odio_cras.avi'),(731,'erat.avi'),(732,'magna_at.avi'),(733,'consequat_dui_nec.png'),(734,'praesent_blandit.ppt'),(735,'proin_leo_odio.mp3'),(736,'nulla_sed.mp3'),(737,'dolor_quis_odio.ppt'),(738,'pellentesque_volutpat_dui.mp3'),(739,'ligula_nec_sem.pdf'),(740,'volutpat.xls'),(741,'in.avi'),(742,'eros.xls'),(743,'ut.ppt'),(744,'mi.mov'),(745,'diam_erat_fermentum.tiff'),(746,'lacus_purus.xls'),(747,'posuere_cubilia_curae.mp3'),(748,'pede_justo_lacinia.ppt'),(749,'purus_aliquet.gif'),(750,'eget.pdf'),(751,'ultrices.tiff'),(752,'primis.tiff'),(753,'ut_suscipit.mp3'),(754,'faucibus_orci_luctus.avi'),(755,'aliquam.mov'),(756,'mauris_non_ligula.mp3'),(757,'fermentum_justo_nec.tiff'),(758,'lectus_in.mp3'),(759,'elit_sodales_scelerisque.ppt'),(760,'ipsum.avi'),(761,'turpis.ppt'),(762,'duis_bibendum.doc'),(763,'mollis_molestie_lorem.avi'),(764,'tristique_in.pdf'),(765,'vestibulum_eget_vulputate.ppt'),(766,'ipsum_aliquam_non.avi'),(767,'hac_habitasse_platea.png'),(768,'duis_faucibus.ppt'),(769,'potenti_nullam.tiff'),(770,'sociis_natoque.mp3'),(771,'fermentum_donec_ut.tiff'),(772,'ullamcorper.jpeg'),(773,'quam_turpis_adipiscing.gif'),(774,'sed_justo_pellentesque.gif'),(775,'massa_id_lobortis.avi'),(776,'nulla_tellus.ppt'),(777,'aliquam.jpeg'),(778,'lobortis_convallis.jpeg'),(779,'tempus_semper_est.tiff'),(780,'cubilia_curae_mauris.tiff'),(781,'id.tiff'),(782,'in_libero_ut.mp3'),(783,'pede_venenatis_non.pdf'),(784,'vivamus_vestibulum_sagittis.ppt'),(785,'neque_libero.doc'),(786,'lectus.doc'),(787,'velit_donec.jpeg'),(788,'ut_mauris.avi'),(789,'condimentum_id_luctus.avi'),(790,'adipiscing_molestie_hendrerit.mp3'),(791,'sagittis.tiff'),(792,'semper.mp3'),(793,'mauris_eget_massa.tiff'),(794,'quis.xls'),(795,'nulla_tempus_vivamus.avi'),(796,'suspendisse_potenti.avi'),(797,'massa.ppt'),(798,'id_nisl_venenatis.mp3'),(799,'tellus_nisi.gif'),(800,'curabitur_gravida.avi'),(801,'felis_donec.ppt'),(802,'molestie_sed.ppt'),(803,'luctus_tincidunt_nulla.mpeg'),(804,'pretium_iaculis.avi'),(805,'aliquam.ppt'),(806,'sapien.avi'),(807,'lorem_integer_tincidunt.ppt'),(808,'etiam.mpeg'),(809,'in_blandit.xls'),(810,'eu.doc'),(811,'quisque_porta.jpeg'),(812,'nisl.jpeg'),(813,'consequat_metus_sapien.mp3'),(814,'id.ppt'),(815,'at.ppt'),(816,'proin_risus.ppt'),(817,'posuere_felis.ppt'),(818,'ut_at.tiff'),(819,'quisque_erat_eros.mov'),(820,'duis_bibendum.avi'),(821,'a_libero_nam.avi'),(822,'donec_ut_dolor.mov'),(823,'mattis.mp3'),(824,'primis_in.txt'),(825,'etiam_vel.ppt'),(826,'commodo_placerat.mov'),(827,'lorem_quisque.jpeg'),(828,'risus_praesent.tiff'),(829,'elementum_nullam.mp3'),(830,'donec.png'),(831,'id.avi'),(832,'nisi_nam.mov'),(833,'etiam_faucibus_cursus.mp3'),(834,'a.mp3'),(835,'sit_amet_lobortis.mov'),(836,'natoque_penatibus_et.mp3'),(837,'nunc_donec_quis.tiff'),(838,'augue.avi'),(839,'porta_volutpat_erat.txt'),(840,'sapien.ppt'),(841,'nam.mp3'),(842,'id.avi'),(843,'nulla_tellus.jpeg'),(844,'integer.pdf'),(845,'varius_ut_blandit.ppt'),(846,'nisi.gif'),(847,'ipsum.xls'),(848,'blandit.mp3'),(849,'eget_orci.avi'),(850,'maecenas_tincidunt.mp3'),(851,'quisque.avi'),(852,'eget_eleifend_luctus.tiff'),(853,'ultrices.gif'),(854,'vehicula_condimentum.mp3'),(855,'hendrerit_at.xls'),(856,'at.avi'),(857,'ac_est.mp3'),(858,'volutpat_erat_quisque.ppt'),(859,'nam_nulla.avi'),(860,'ante.xls'),(861,'tortor_duis.mp3'),(862,'et.xls'),(863,'ante_vivamus.jpeg'),(864,'hendrerit_at_vulputate.avi'),(865,'volutpat.ppt'),(866,'egestas_metus.avi'),(867,'metus.ppt'),(868,'dolor_morbi_vel.jpeg'),(869,'pellentesque.tiff'),(870,'donec_diam.ppt'),(871,'primis_in.xls'),(872,'mus_etiam_vel.mp3'),(873,'urna.xls'),(874,'mi_in_porttitor.avi'),(875,'pharetra_magna.jpeg'),(876,'pellentesque_ultrices_mattis.gif'),(877,'id.gif'),(878,'vitae_nisi.xls'),(879,'viverra.tiff'),(880,'turpis.jpeg'),(881,'vulputate_vitae_nisl.avi'),(882,'sed_vestibulum_sit.ppt'),(883,'est_lacinia.xls'),(884,'semper_rutrum_nulla.pdf'),(885,'erat_nulla_tempus.avi'),(886,'ut_dolor.xls'),(887,'neque_duis_bibendum.avi'),(888,'placerat_ante_nulla.txt'),(889,'consectetuer_eget.xls'),(890,'metus.mp3'),(891,'a.txt'),(892,'sapien.gif'),(893,'feugiat_et.avi'),(894,'cubilia.avi'),(895,'velit_eu_est.mp3'),(896,'in_porttitor.avi'),(897,'tempus.xls'),(898,'proin_eu.tiff'),(899,'metus_sapien_ut.tiff'),(900,'felis_ut_at.mp3'),(901,'iaculis.mp3'),(902,'eros.xls'),(903,'penatibus.txt'),(904,'volutpat_in.jpeg'),(905,'ac_tellus.ppt'),(906,'ut.ppt'),(907,'adipiscing_elit.xls'),(908,'eget_tincidunt_eget.xls'),(909,'proin_interdum.mp3'),(910,'augue.tiff'),(911,'quam_sollicitudin_vitae.txt'),(912,'accumsan_odio_curabitur.pdf'),(913,'quis_tortor.mov'),(914,'odio_justo_sollicitudin.ppt'),(915,'augue.tiff'),(916,'dui_maecenas.avi'),(917,'imperdiet_sapien.gif'),(918,'at_velit_eu.doc'),(919,'leo_pellentesque.tiff'),(920,'ante_nulla_justo.mp3'),(921,'mus.ppt'),(922,'luctus_et_ultrices.avi'),(923,'ipsum_ac_tellus.pdf'),(924,'vel_lectus_in.mp3'),(925,'eros.jpeg'),(926,'nulla_sed.xls'),(927,'in.jpeg'),(928,'semper_interdum_mauris.png'),(929,'volutpat_in.ppt'),(930,'scelerisque_quam_turpis.ppt'),(931,'pede.ppt'),(932,'ornare_consequat_lectus.xls'),(933,'rhoncus_aliquam_lacus.mp3'),(934,'sapien.mp3'),(935,'cubilia_curae.mpeg'),(936,'rutrum.jpeg'),(937,'mattis_odio.avi'),(938,'vulputate_luctus_cum.txt'),(939,'morbi_non_quam.tiff'),(940,'a.tiff'),(941,'nunc_nisl_duis.ppt'),(942,'libero_convallis.avi'),(943,'ultrices_posuere_cubilia.xls'),(944,'lacus_morbi.doc'),(945,'nunc_rhoncus_dui.mpeg'),(946,'sit.mp3'),(947,'est.ppt'),(948,'sapien.jpeg'),(949,'ac.mov'),(950,'orci.xls'),(951,'id_mauris.pdf'),(952,'hendrerit.xls'),(953,'eget_rutrum.jpeg'),(954,'duis_consequat_dui.jpeg'),(955,'sed_vel_enim.xls'),(956,'blandit_non_interdum.xls'),(957,'sed.mp3'),(958,'erat.xls'),(959,'venenatis_non_sodales.gif'),(960,'consequat_dui_nec.avi'),(961,'ultrices.ppt'),(962,'felis.mov'),(963,'mauris.mpeg'),(964,'vehicula.xls'),(965,'vulputate_luctus.xls'),(966,'sapien_cursus.mp3'),(967,'dapibus_dolor.tiff'),(968,'ante_ipsum.doc'),(969,'tortor.doc'),(970,'in.mp3'),(971,'consectetuer_eget_rutrum.xls'),(972,'morbi_ut.mp3'),(973,'tempor.avi'),(974,'turpis_sed_ante.ppt'),(975,'libero_nam.jpeg'),(976,'luctus.avi'),(977,'a_pede_posuere.tiff'),(978,'non.ppt'),(979,'in_leo.txt'),(980,'leo_maecenas_pulvinar.txt'),(981,'ante.mp3'),(982,'elementum_in_hac.mp3'),(983,'convallis_nunc_proin.mpeg'),(984,'nec.mp3'),(985,'id.ppt'),(986,'hac.txt'),(987,'tincidunt.gif'),(988,'suscipit_ligula_in.mp3'),(989,'ligula_vehicula_consequat.avi'),(990,'felis_eu.xls'),(991,'ac_lobortis_vel.xls'),(992,'quam_suspendisse.avi'),(993,'vestibulum_ac.pdf'),(994,'proin_risus.mp3'),(995,'sapien_ut.png'),(996,'nam_tristique.txt'),(997,'tortor_sollicitudin.ppt'),(998,'justo_etiam.xls'),(999,'interdum_venenatis.mp3'),(1000,'at_feugiat.gif');
/*!40000 ALTER TABLE `images` ENABLE KEYS */;
UNLOCK TABLES;

--
-- Table structure for table `item_types`
--

DROP TABLE IF EXISTS `item_types`;
/*!40101 SET @saved_cs_client     = @@character_set_client */;
/*!50503 SET character_set_client = utf8mb4 */;
CREATE TABLE `item_types` (
  `id` int unsigned NOT NULL AUTO_INCREMENT,
  `name` varchar(255) NOT NULL,
  `description` text NOT NULL,
  PRIMARY KEY (`id`)
) ENGINE=InnoDB AUTO_INCREMENT=21 DEFAULT CHARSET=utf8;
/*!40101 SET character_set_client = @saved_cs_client */;

--
-- Dumping data for table `item_types`
--

LOCK TABLES `item_types` WRITE;
/*!40000 ALTER TABLE `item_types` DISABLE KEYS */;
INSERT INTO `item_types` VALUES (1,'ante vel','sed justo pellentesque viverra pede'),(2,'sit amet erat','lorem quisque ut erat curabitur'),(3,'vivamus','mauris laoreet ut rhoncus aliquet'),(4,'magna at','eros viverra eget congue eget'),(5,'aliquam sit amet','aenean lectus pellentesque eget nunc donec quis orci eget orci'),(6,'curae','convallis eget eleifend'),(7,'lobortis','sapien varius ut blandit non'),(8,'tellus semper interdum','vivamus in felis eu sapien cursus vestibulum proin'),(9,'adipiscing','nulla eget eros elementum pellentesque quisque porta volutpat erat'),(10,'quisque','morbi sem mauris laoreet ut rhoncus aliquet pulvinar'),(11,'morbi','diam in magna bibendum imperdiet nullam orci'),(12,'nam dui','rhoncus aliquet pulvinar sed nisl nunc rhoncus'),(13,'ut blandit non','risus praesent lectus vestibulum quam sapien varius ut blandit'),(14,'tortor sollicitudin','luctus cum sociis'),(15,'arcu adipiscing','tincidunt ante vel ipsum praesent'),(16,'gravida','consectetuer eget rutrum at lorem integer tincidunt'),(17,'rhoncus','primis in faucibus orci luctus et ultrices posuere cubilia curae'),(18,'in libero','massa id nisl venenatis lacinia'),(19,'enim leo rhoncus','eleifend luctus ultricies eu'),(20,'sed accumsan','purus phasellus in felis donec semper');
/*!40000 ALTER TABLE `item_types` ENABLE KEYS */;
UNLOCK TABLES;

--
-- Table structure for table `items`
--

DROP TABLE IF EXISTS `items`;
/*!40101 SET @saved_cs_client     = @@character_set_client */;
/*!50503 SET character_set_client = utf8mb4 */;
CREATE TABLE `items` (
  `id` int unsigned NOT NULL AUTO_INCREMENT,
  `name` varchar(255) NOT NULL,
  `description` text NOT NULL,
  `image_id` int unsigned DEFAULT NULL,
  `base_price` int unsigned NOT NULL,
  `rarity_id` int unsigned NOT NULL,
  `item_type_id` int unsigned NOT NULL,
  `stack_size` int unsigned NOT NULL,
  PRIMARY KEY (`id`),
  KEY `rarity_id_idx` (`rarity_id`),
  KEY `item_type_id_idx` (`item_type_id`),
  KEY `stack_size_idx` (`stack_size`),
  KEY `image_idx` (`image_id`),
  KEY `item_price` (`base_price`),
  KEY `item_name` (`name`),
  CONSTRAINT `image_id_i` FOREIGN KEY (`image_id`) REFERENCES `images` (`id`) ON DELETE SET NULL ON UPDATE CASCADE,
  CONSTRAINT `item_type_id_i` FOREIGN KEY (`item_type_id`) REFERENCES `item_types` (`id`) ON DELETE RESTRICT ON UPDATE CASCADE,
  CONSTRAINT `rarity_id_i` FOREIGN KEY (`rarity_id`) REFERENCES `rarities` (`id`) ON DELETE RESTRICT ON UPDATE CASCADE,
  CONSTRAINT `stack_size_i` FOREIGN KEY (`stack_size`) REFERENCES `stack_sizes` (`value`) ON DELETE RESTRICT ON UPDATE CASCADE
) ENGINE=InnoDB AUTO_INCREMENT=1001 DEFAULT CHARSET=utf8;
/*!40101 SET character_set_client = @saved_cs_client */;

--
-- Dumping data for table `items`
--

LOCK TABLES `items` WRITE;
/*!40000 ALTER TABLE `items` DISABLE KEYS */;
INSERT INTO `items` VALUES (1,'id','nec dui luctus',599,492,89,11,902),(2,'morbi vestibulum','primis in faucibus orci luctus et ultrices posuere cubilia',530,685,99,17,853),(3,'tortor duis mattis','imperdiet nullam orci',676,370,95,8,1000),(4,'non','dui luctus rutrum',100,785,4,16,121),(5,'praesent id','nunc vestibulum ante ipsum primis in faucibus orci luctus',NULL,930,35,1,13),(6,'diam erat fermentum','posuere felis sed lacus morbi sem',341,75,18,19,386),(7,'volutpat eleifend donec','nascetur ridiculus mus vivamus vestibulum sagittis sapien cum sociis',NULL,936,99,4,669),(8,'amet erat nulla','vestibulum ante ipsum primis in',433,299,58,3,789),(9,'morbi','in tempor turpis nec euismod scelerisque',671,22,45,11,262),(10,'odio','quam turpis adipiscing lorem',189,26,39,17,811),(11,'in lacus curabitur','luctus tincidunt nulla mollis molestie lorem quisque ut',141,933,32,15,970),(12,'primis in','ut dolor morbi',283,853,67,7,59),(13,'nisl duis','ac nibh fusce lacus purus',425,146,66,5,645),(14,'nunc commodo','et magnis dis parturient montes nascetur ridiculus mus',NULL,728,29,13,743),(15,'duis','curabitur in libero',NULL,354,58,13,178),(16,'tortor eu pede','dis parturient montes',NULL,910,53,18,354),(17,'leo odio','praesent lectus vestibulum quam sapien varius ut blandit',970,884,57,11,537),(18,'ac lobortis','sit amet sapien dignissim vestibulum vestibulum',258,655,9,2,35),(19,'et ultrices posuere','ut dolor morbi vel lectus in quam fringilla',647,295,60,9,719),(20,'consequat varius integer','vulputate vitae nisl aenean',552,688,63,6,776),(21,'sapien quis libero','nec molestie sed justo pellentesque viverra pede ac diam cras',106,845,27,17,584),(22,'in','a odio in hac habitasse platea',338,834,7,7,325),(23,'integer pede justo','morbi non quam nec dui',566,885,64,20,44),(24,'luctus et ultrices','odio in hac habitasse platea dictumst maecenas',91,482,3,8,529),(25,'libero quis orci','eu tincidunt in leo maecenas pulvinar lobortis',NULL,57,87,19,398),(26,'platea dictumst','tellus nisi eu orci mauris lacinia sapien quis',573,758,44,4,113),(27,'dui vel','in faucibus orci luctus et ultrices',NULL,976,58,18,40),(28,'pellentesque quisque','ligula nec sem duis aliquam convallis nunc proin at',620,9,8,1,933),(29,'nulla ac enim','odio in hac habitasse',225,748,33,15,460),(30,'id turpis','id lobortis convallis tortor risus',333,126,95,9,566),(31,'donec vitae','vulputate luctus cum sociis natoque penatibus et magnis dis',NULL,981,36,5,548),(32,'nec dui','etiam pretium iaculis justo in',774,25,67,6,269),(33,'vivamus in felis','vitae mattis nibh ligula nec sem duis aliquam',279,553,65,18,568),(34,'tristique tortor','adipiscing lorem vitae mattis nibh ligula nec sem duis aliquam',232,503,24,17,351),(35,'varius ut','rutrum rutrum neque aenean',172,537,69,18,119),(36,'eget orci vehicula','turpis donec posuere metus vitae ipsum aliquam',490,42,31,9,608),(37,'sit amet sem','consectetuer eget rutrum',838,203,70,10,796),(38,'ligula','at turpis a pede posuere nonummy',249,321,43,7,793),(39,'aliquam convallis nunc','non velit donec diam neque vestibulum eget vulputate',543,181,8,3,902),(40,'maecenas ut massa','sociis natoque penatibus et magnis dis parturient montes nascetur',614,33,96,7,294),(41,'at diam nam','iaculis congue vivamus metus arcu adipiscing molestie',400,473,36,1,238),(42,'suspendisse ornare consequat','nulla suspendisse potenti cras in purus eu magna',777,925,31,20,725),(43,'vestibulum','nulla pede ullamcorper augue a',968,638,12,10,338),(44,'neque','donec dapibus duis at velit',205,867,81,14,264),(45,'tellus nisi eu','adipiscing lorem vitae mattis nibh ligula nec sem',898,855,54,11,303),(46,'odio odio elementum','orci luctus et ultrices posuere cubilia curae duis faucibus',855,41,39,3,867),(47,'justo sit','libero convallis eget eleifend luctus ultricies eu nibh',603,23,12,3,828),(48,'dapibus dolor','vivamus vel nulla eget eros',253,955,100,17,95),(49,'duis bibendum','vel lectus in quam fringilla rhoncus mauris enim leo',875,399,97,20,737),(50,'lobortis','id lobortis convallis tortor risus',285,574,36,12,806),(51,'velit nec nisi','luctus et ultrices posuere cubilia',738,279,46,4,574),(52,'et','non pretium quis lectus suspendisse potenti',406,464,38,2,891),(53,'nisl','sit amet consectetuer adipiscing elit proin interdum mauris non ligula',83,409,74,10,642),(54,'enim leo rhoncus','interdum venenatis turpis',726,735,85,3,69),(55,'quisque','quam pharetra magna ac consequat metus sapien',957,957,96,15,194),(56,'nec nisi','id nisl venenatis lacinia aenean sit amet justo morbi ut',NULL,764,7,13,997),(57,'diam in magna','risus dapibus augue vel',11,754,60,15,308),(58,'tristique est et','sociis natoque penatibus et',271,901,97,4,74),(59,'nulla','libero quis orci nullam molestie nibh in lectus pellentesque',578,916,33,16,357),(60,'vel augue vestibulum','rhoncus aliquam lacus morbi quis tortor id nulla ultrices',931,783,66,12,220),(61,'convallis nunc proin','sapien quis libero nullam sit amet turpis elementum ligula',728,6,1,5,212),(62,'luctus','placerat ante nulla justo aliquam quis turpis eget elit',920,440,77,18,51),(63,'varius ut','odio justo sollicitudin ut suscipit a feugiat et eros',835,904,19,18,632),(64,'aliquam','nisi venenatis tristique fusce',510,519,19,5,436),(65,'libero rutrum','suscipit a feugiat et eros vestibulum ac est',239,343,90,14,928),(66,'eu tincidunt','venenatis turpis enim',65,911,31,1,205),(67,'consectetuer eget rutrum','parturient montes nascetur ridiculus mus',131,282,50,10,635),(68,'nec nisi volutpat','eu interdum eu tincidunt in leo maecenas pulvinar',NULL,590,52,12,309),(69,'in hac','tortor duis mattis egestas metus aenean fermentum donec',733,904,41,11,321),(70,'mauris sit amet','odio elementum eu interdum eu tincidunt',169,528,31,15,218),(71,'etiam faucibus cursus','est congue elementum in',425,895,58,15,205),(72,'varius ut','quis lectus suspendisse potenti in eleifend quam a odio in',342,662,71,5,395),(73,'lorem','a feugiat et',89,27,82,16,15),(74,'luctus nec molestie','mauris ullamcorper purus sit amet nulla',915,330,35,17,919),(75,'non','sem mauris laoreet ut',953,529,93,1,345),(76,'sit amet','sit amet cursus id turpis integer aliquet massa id lobortis',615,675,32,17,258),(77,'habitasse','vitae ipsum aliquam non mauris',293,337,13,8,911),(78,'enim sit amet','tempus vivamus in felis eu sapien',662,226,59,1,683),(79,'ipsum dolor sit','pellentesque ultrices mattis odio donec vitae nisi nam',923,354,20,12,743),(80,'vehicula condimentum','venenatis lacinia aenean sit amet justo morbi',NULL,856,61,3,113),(81,'bibendum imperdiet','in libero ut massa volutpat convallis morbi odio',NULL,507,14,10,272),(82,'ante ipsum','curabitur convallis duis',112,620,89,13,818),(83,'mauris laoreet ut','dolor morbi vel lectus in quam fringilla rhoncus mauris enim',191,876,96,18,464),(84,'fusce lacus','luctus et ultrices posuere cubilia curae mauris viverra',NULL,497,67,5,702),(85,'eu mi','porta volutpat quam',576,827,25,6,61),(86,'quam sollicitudin vitae','ornare imperdiet sapien urna pretium nisl ut volutpat',290,840,89,11,697),(87,'turpis adipiscing lorem','vitae quam suspendisse potenti nullam',472,257,50,7,476),(88,'quisque erat eros','felis sed lacus',653,976,30,11,346),(89,'quis justo maecenas','nullam orci pede venenatis',680,641,38,17,716),(90,'vitae','congue etiam justo etiam pretium iaculis justo in hac',NULL,362,65,7,176),(91,'turpis eget','mauris vulputate elementum nullam varius nulla facilisi cras non',540,210,33,18,403),(92,'vel augue vestibulum','maecenas pulvinar lobortis est phasellus sit amet erat',679,148,10,18,392),(93,'vulputate nonummy maecenas','lacus morbi quis tortor id nulla ultrices',360,850,39,18,646),(94,'risus','id massa id nisl venenatis lacinia aenean sit amet justo',36,818,61,7,634),(95,'luctus et ultrices','tincidunt eu felis fusce posuere felis',229,792,68,12,191),(96,'vulputate nonummy','bibendum imperdiet nullam orci pede venenatis non',824,535,56,7,512),(97,'dignissim vestibulum','cras non velit nec nisi vulputate nonummy',882,54,77,9,800),(98,'felis sed','sed vestibulum sit amet cursus id turpis integer aliquet massa',71,758,8,4,162),(99,'adipiscing elit','nulla suspendisse potenti cras in purus eu',630,136,55,7,937),(100,'tincidunt lacus','sapien sapien non mi integer ac neque duis',396,672,29,17,529),(101,'curabitur at','sapien non mi integer ac neque',494,372,66,12,651),(102,'venenatis turpis enim','a odio in hac',907,634,89,18,338),(103,'lectus','vestibulum sagittis sapien cum sociis',220,678,44,6,343),(104,'varius','posuere cubilia curae nulla',152,787,90,1,483),(105,'justo aliquam quis','auctor gravida sem praesent id massa id nisl venenatis',705,2,44,8,798),(106,'nisi nam','nulla pede ullamcorper augue a suscipit nulla elit ac nulla',312,459,87,1,997),(107,'dolor morbi vel','mauris eget massa',129,135,33,4,788),(108,'a','magnis dis parturient montes nascetur',856,143,58,11,881),(109,'mattis','felis ut at dolor',745,449,67,19,344),(110,'nisl aenean lectus','facilisi cras non velit nec nisi',335,520,66,14,869),(111,'eros viverra eget','duis aliquam convallis',277,134,10,7,667),(112,'et magnis dis','quisque erat eros viverra eget congue',171,75,62,18,531),(113,'sit amet consectetuer','arcu adipiscing molestie hendrerit at vulputate vitae nisl',113,339,67,19,900),(114,'dapibus duis at','lobortis sapien sapien non mi',3,678,57,2,784),(115,'enim sit','tellus nisi eu orci mauris lacinia',NULL,683,69,14,25),(116,'ullamcorper','suscipit a feugiat et eros vestibulum ac est lacinia nisi',476,601,54,11,422),(117,'luctus et','nulla pede ullamcorper augue a suscipit nulla',674,147,26,1,580),(118,'id','massa id lobortis convallis tortor risus',NULL,302,35,12,511),(119,'ridiculus','erat volutpat in congue etiam justo',651,179,77,10,289),(120,'quis justo maecenas','nec condimentum neque sapien placerat ante nulla justo',295,396,89,16,659),(121,'sit','in felis eu sapien cursus',228,373,98,16,479),(122,'erat','massa quis augue luctus tincidunt nulla mollis molestie lorem quisque',434,745,32,3,434),(123,'suspendisse','sapien non mi integer ac neque duis bibendum morbi non',926,359,76,6,160),(124,'vivamus','curabitur convallis duis consequat',58,285,47,19,285),(125,'non ligula pellentesque','magnis dis parturient montes nascetur ridiculus mus',875,808,41,7,963),(126,'aliquam erat volutpat','fusce lacus purus aliquet',899,474,68,2,652),(127,'at','nulla eget eros elementum',NULL,650,90,16,565),(128,'eget','fusce consequat nulla',52,510,38,4,962),(129,'cubilia curae','ultrices posuere cubilia curae nulla dapibus',380,29,46,20,596),(130,'pede morbi porttitor','etiam justo etiam pretium iaculis justo in hac',NULL,759,72,20,920),(131,'lorem quisque ut','enim in tempor turpis nec euismod scelerisque quam turpis',227,494,32,5,773),(132,'donec odio justo','quis turpis sed ante vivamus tortor duis mattis egestas',942,255,98,18,959),(133,'a','nascetur ridiculus mus vivamus vestibulum sagittis sapien cum sociis',101,39,93,2,185),(134,'felis donec semper','nascetur ridiculus mus etiam vel augue',944,874,33,13,122),(135,'enim blandit mi','vestibulum ante ipsum primis',777,798,27,11,894),(136,'nulla tellus in','quisque ut erat curabitur gravida nisi at nibh in hac',281,389,63,2,602),(137,'vel','eu mi nulla ac enim in tempor turpis nec',696,965,15,18,580),(138,'at','eros viverra eget congue eget semper rutrum nulla nunc purus',839,846,90,5,273),(139,'donec posuere metus','laoreet ut rhoncus',218,611,95,3,889),(140,'purus','justo morbi ut odio',806,505,93,19,605),(141,'gravida','donec semper sapien a libero nam dui proin',NULL,25,57,6,197),(142,'eget tincidunt','sed ante vivamus',394,314,88,19,317),(143,'nulla','at diam nam tristique',928,374,49,12,963),(144,'tincidunt eget tempus','vestibulum proin eu mi',859,307,92,14,580),(145,'pretium nisl ut','sit amet sem fusce consequat',796,407,74,4,436),(146,'augue a','semper est quam pharetra magna ac consequat metus sapien ut',NULL,31,24,13,208),(147,'pharetra','sit amet eleifend',1,750,69,13,150),(148,'posuere felis','ligula sit amet eleifend pede libero quis orci',487,939,53,13,740),(149,'ac','enim leo rhoncus sed vestibulum sit amet cursus',66,476,57,8,837),(150,'nulla pede','lectus aliquam sit amet diam in magna bibendum imperdiet nullam',143,537,56,3,287),(151,'augue aliquam erat','lobortis est phasellus',920,558,21,1,844),(152,'mi nulla ac','nulla elit ac nulla sed vel enim sit amet nunc',938,340,43,10,655),(153,'felis fusce','bibendum imperdiet nullam orci pede venenatis non sodales sed tincidunt',677,200,21,4,861),(154,'lacus purus','hac habitasse platea dictumst etiam faucibus cursus urna',265,944,30,3,847),(155,'erat quisque erat','nibh in hac habitasse platea dictumst aliquam augue quam',529,224,66,11,447),(156,'vitae consectetuer','suspendisse ornare consequat lectus in est risus',553,760,40,12,14),(157,'fusce','at vulputate vitae nisl aenean lectus pellentesque eget nunc donec',737,787,19,11,413),(158,'sapien','tempor convallis nulla neque libero convallis',733,644,45,2,38),(159,'in libero','cursus urna ut tellus',271,114,68,7,860),(160,'ligula','quis augue luctus',948,34,58,6,671),(161,'ultrices mattis odio','maecenas tincidunt lacus at velit vivamus vel nulla eget',415,959,37,12,871),(162,'dapibus','amet erat nulla tempus vivamus in felis eu sapien',937,783,91,20,346),(163,'facilisi cras','ut nunc vestibulum ante ipsum primis in faucibus orci luctus',140,320,86,17,168),(164,'suscipit nulla elit','in ante vestibulum ante ipsum primis in faucibus orci luctus',427,522,70,3,440),(165,'lobortis','ut nunc vestibulum ante ipsum primis',532,635,65,9,587),(166,'congue','lacinia eget tincidunt eget tempus vel pede morbi porttitor lorem',85,297,97,12,619),(167,'ante','mi nulla ac enim in',704,49,38,9,533),(168,'arcu adipiscing molestie','volutpat eleifend donec ut',737,472,31,4,952),(169,'mi','in magna bibendum imperdiet nullam orci pede',497,484,45,8,617),(170,'diam id ornare','nulla justo aliquam',119,63,38,2,139),(171,'in hac habitasse','luctus ultricies eu nibh quisque id justo sit amet sapien',534,753,80,18,785),(172,'ligula pellentesque','in faucibus orci luctus et ultrices posuere cubilia curae duis',976,877,59,18,200),(173,'congue risus semper','consequat metus sapien ut nunc vestibulum ante ipsum primis',583,369,33,3,96),(174,'sapien non mi','suspendisse potenti nullam porttitor lacus at turpis donec',856,989,63,3,474),(175,'curae donec','ante ipsum primis in faucibus orci luctus',109,653,10,10,541),(176,'platea','blandit lacinia erat vestibulum sed magna',375,112,73,8,675),(177,'ut','mi sit amet lobortis sapien sapien non mi',591,535,40,15,380),(178,'at ipsum ac','arcu adipiscing molestie hendrerit at vulputate',510,465,24,9,258),(179,'justo sit amet','fusce congue diam',526,917,63,6,757),(180,'pede posuere','luctus et ultrices posuere cubilia curae donec pharetra',NULL,318,71,8,265),(181,'orci luctus','lectus vestibulum quam sapien varius',87,723,71,9,711),(182,'dui','ac diam cras pellentesque volutpat dui',328,715,62,20,279),(183,'velit vivamus vel','in faucibus orci luctus et',336,888,73,2,102),(184,'ipsum primis in','vestibulum ante ipsum primis in faucibus orci luctus et ultrices',NULL,218,52,12,594),(185,'at velit vivamus','mauris non ligula pellentesque ultrices',568,725,61,8,283),(186,'mollis molestie','sed lacus morbi sem mauris',909,573,89,6,682),(187,'sapien cursus','sem duis aliquam convallis nunc',924,902,6,11,407),(188,'ut blandit','eget eleifend luctus ultricies eu nibh quisque id justo',353,337,19,18,276),(189,'ut odio','libero quis orci nullam molestie nibh in',280,25,24,10,676),(190,'ut blandit','leo odio condimentum id luctus nec',741,556,61,13,863),(191,'rutrum rutrum neque','vestibulum ante ipsum primis in faucibus orci',174,733,49,5,700),(192,'sapien ut','nulla tellus in sagittis',473,110,51,11,457),(193,'molestie lorem','sed tristique in tempus sit amet',849,519,39,4,571),(194,'blandit nam nulla','lacinia eget tincidunt eget tempus vel pede',172,138,27,9,933),(195,'turpis elementum ligula','lectus aliquam sit amet',678,674,27,19,311),(196,'sagittis nam congue','tempor turpis nec euismod scelerisque quam turpis adipiscing lorem',575,159,17,15,32),(197,'in','platea dictumst morbi vestibulum velit id pretium iaculis diam erat',794,616,59,13,178),(198,'enim lorem ipsum','cum sociis natoque penatibus et magnis dis',703,35,53,8,724),(199,'sapien placerat ante','risus auctor sed tristique in',613,116,87,14,722),(200,'consequat varius','rhoncus dui vel sem sed sagittis nam congue',572,472,27,17,619),(201,'in','quis augue luctus tincidunt nulla mollis molestie',307,553,94,8,201),(202,'convallis tortor','cubilia curae duis faucibus accumsan odio curabitur convallis duis',839,965,93,2,697),(203,'praesent','vitae ipsum aliquam non mauris morbi non lectus aliquam sit',574,443,70,3,166),(204,'lorem','risus semper porta volutpat quam',545,603,41,12,212),(205,'id','nulla tellus in sagittis dui vel nisl duis ac nibh',781,75,14,4,55),(206,'proin risus','metus sapien ut nunc',673,875,58,2,804),(207,'orci luctus et','in hac habitasse platea dictumst',527,217,65,5,806),(208,'ut massa','felis ut at dolor quis odio consequat varius integer',864,853,27,1,126),(209,'cras in','quam sapien varius ut blandit non interdum in ante',211,494,51,5,239),(210,'sed vestibulum','tortor id nulla ultrices aliquet maecenas leo',755,527,13,10,573),(211,'blandit mi','nunc nisl duis bibendum felis sed interdum',92,189,56,8,516),(212,'morbi porttitor','natoque penatibus et magnis dis parturient montes nascetur',346,615,47,15,844),(213,'ullamcorper augue a','integer aliquet massa id lobortis convallis tortor risus dapibus augue',950,876,5,18,825),(214,'sapien','ut mauris eget massa tempor convallis',255,483,79,8,536),(215,'massa volutpat convallis','in eleifend quam a odio in',NULL,909,45,9,813),(216,'ut nulla','parturient montes nascetur ridiculus',369,216,2,18,521),(217,'convallis duis','donec ut dolor morbi vel',441,390,20,2,500),(218,'aliquam non','in faucibus orci luctus et ultrices posuere cubilia',241,198,95,15,193),(219,'consectetuer adipiscing elit','nulla nunc purus phasellus in felis',673,790,95,16,598),(220,'imperdiet nullam','sed magna at nunc commodo placerat praesent blandit nam',481,709,51,12,312),(221,'quis orci eget','dapibus dolor vel est donec odio',880,248,27,10,212),(222,'ut ultrices','rhoncus aliquet pulvinar sed nisl',558,868,59,18,747),(223,'nunc purus','at nulla suspendisse potenti cras in purus eu',38,768,38,19,459),(224,'in quam fringilla','habitasse platea dictumst aliquam augue quam sollicitudin vitae consectetuer',545,259,20,13,114),(225,'at lorem','aliquet ultrices erat tortor sollicitudin mi sit amet lobortis sapien',235,513,61,5,913),(226,'convallis eget','diam id ornare imperdiet sapien urna pretium nisl ut volutpat',259,526,80,13,298),(227,'pellentesque','ut mauris eget massa tempor convallis nulla neque libero',739,809,63,20,132),(228,'luctus et ultrices','pede posuere nonummy',113,149,2,8,529),(229,'neque vestibulum eget','sapien a libero nam dui proin leo odio porttitor id',724,531,83,16,247),(230,'eu','in congue etiam justo etiam',277,489,16,7,759),(231,'congue','ut suscipit a feugiat',364,710,54,4,543),(232,'praesent id','id turpis integer aliquet massa',274,545,87,8,906),(233,'habitasse platea dictumst','sapien a libero',602,35,47,18,499),(234,'non','mauris morbi non lectus aliquam sit amet diam',453,643,9,17,297),(235,'tincidunt eu felis','in purus eu magna vulputate luctus cum',969,712,76,10,181),(236,'praesent id','ac nibh fusce',50,979,64,16,982),(237,'elementum eu interdum','lectus aliquam sit amet diam in',93,908,66,15,414),(238,'montes','sit amet nulla quisque arcu libero',545,579,65,10,269),(239,'varius integer','maecenas ut massa quis augue luctus tincidunt',522,787,50,19,405),(240,'primis in','ligula vehicula consequat',532,589,48,10,571),(241,'eget rutrum at','ut rhoncus aliquet pulvinar sed nisl',190,879,24,17,104),(242,'pretium','nam ultrices libero',843,345,77,2,393),(243,'ligula vehicula consequat','blandit non interdum in ante vestibulum ante ipsum',950,880,52,20,746),(244,'metus arcu','donec diam neque vestibulum eget vulputate ut ultrices vel',297,228,59,16,500),(245,'habitasse platea','fermentum donec ut mauris eget massa tempor convallis nulla neque',143,653,39,17,739),(246,'amet nulla','ultrices posuere cubilia',875,151,83,7,205),(247,'nulla mollis','sed interdum venenatis turpis',NULL,810,73,17,271),(248,'ante ipsum primis','volutpat quam pede lobortis ligula',828,18,72,4,780),(249,'in hac','hac habitasse platea dictumst etiam faucibus cursus urna',248,918,95,1,185),(250,'pulvinar nulla','aenean fermentum donec ut mauris eget massa tempor convallis',122,320,93,8,749),(251,'volutpat','sollicitudin vitae consectetuer eget rutrum at lorem',705,506,57,7,678),(252,'ante ipsum','eget massa tempor convallis nulla neque libero convallis eget',561,613,73,16,334),(253,'luctus et','ultrices vel augue',737,325,50,17,443),(254,'eget','sagittis sapien cum',773,153,54,15,919),(255,'pretium','pulvinar nulla pede ullamcorper augue a suscipit nulla',382,93,68,20,297),(256,'pede morbi','donec vitae nisi nam ultrices',176,431,66,10,236),(257,'nam congue risus','vitae mattis nibh ligula nec sem duis aliquam',916,874,3,7,985),(258,'tincidunt nulla','duis consequat dui nec nisi volutpat',36,921,37,6,700),(259,'vestibulum','hendrerit at vulputate vitae nisl aenean lectus pellentesque',NULL,783,14,7,173),(260,'dolor sit','duis faucibus accumsan odio',642,811,86,5,486),(261,'et magnis dis','amet cursus id turpis',798,404,48,18,710),(262,'euismod','varius integer ac leo pellentesque ultrices mattis odio donec vitae',61,474,67,1,533),(263,'posuere felis','rutrum nulla tellus in sagittis dui vel',927,988,9,6,441),(264,'sed nisl nunc','elit ac nulla sed vel enim sit amet nunc viverra',222,439,57,6,430),(265,'hac','pede justo eu massa donec dapibus duis',441,974,24,7,444),(266,'fusce','vulputate elementum nullam varius nulla facilisi cras non velit',364,110,46,1,762),(267,'eget semper rutrum','est risus auctor',225,44,37,8,479),(268,'eu','risus auctor sed tristique in tempus sit',199,136,4,19,838),(269,'quis turpis','venenatis tristique fusce congue',565,555,58,17,263),(270,'pede libero','nunc viverra dapibus nulla suscipit ligula in',472,432,71,13,153),(271,'laoreet','faucibus cursus urna ut tellus nulla ut',667,119,66,9,812),(272,'odio in','interdum eu tincidunt in leo maecenas pulvinar lobortis est phasellus',682,1,45,17,857),(273,'vestibulum','integer ac leo pellentesque ultrices mattis',44,881,91,7,174),(274,'luctus ultricies','purus aliquet at feugiat non',NULL,392,35,16,306),(275,'lacinia eget','tellus in sagittis dui',505,672,91,2,154),(276,'primis in faucibus','varius ut blandit non interdum in ante',738,229,45,20,87),(277,'amet consectetuer','congue risus semper porta volutpat quam pede lobortis ligula',474,283,78,14,548),(278,'risus dapibus augue','eget nunc donec quis',164,99,37,9,692),(279,'non interdum','dis parturient montes nascetur ridiculus',188,661,78,19,559),(280,'ut tellus nulla','dui proin leo odio porttitor id consequat',190,789,42,17,144),(281,'quis','etiam pretium iaculis justo',553,71,65,10,909),(282,'sed vestibulum sit','nulla suscipit ligula in lacus curabitur at',NULL,572,29,1,462),(283,'interdum mauris','libero ut massa',819,610,89,9,966),(284,'odio porttitor','habitasse platea dictumst morbi vestibulum',619,932,28,4,22),(285,'aliquet at','euismod scelerisque quam',677,959,63,12,537),(286,'ut blandit','pede justo lacinia eget tincidunt eget tempus vel pede',743,671,93,11,306),(287,'vivamus vel nulla','in felis eu sapien',345,798,84,5,132),(288,'quam fringilla','eleifend luctus ultricies eu nibh',746,815,69,1,889),(289,'id','orci mauris lacinia sapien quis libero nullam sit',316,273,55,19,915),(290,'ut','amet sem fusce consequat nulla nisl nunc',915,119,19,14,543),(291,'fusce consequat','metus sapien ut nunc vestibulum ante',397,250,98,20,309),(292,'aliquet maecenas leo','eu nibh quisque',509,437,23,5,156),(293,'orci luctus et','congue vivamus metus arcu adipiscing molestie hendrerit at vulputate vitae',992,336,75,4,744),(294,'eget eleifend','nunc viverra dapibus nulla suscipit ligula',353,121,14,16,495),(295,'primis','leo odio condimentum id luctus nec molestie sed justo',170,438,89,12,718),(296,'viverra','in hac habitasse',384,283,28,18,372),(297,'aliquam erat volutpat','accumsan felis ut at dolor quis odio',NULL,556,28,6,319),(298,'primis in','neque libero convallis eget eleifend luctus ultricies',NULL,160,54,11,630),(299,'et magnis','justo sollicitudin ut suscipit a feugiat',589,865,41,18,394),(300,'maecenas ut','in hac habitasse platea dictumst morbi',312,76,55,13,721),(301,'mollis','nunc nisl duis bibendum felis sed interdum venenatis turpis enim',640,711,97,13,242),(302,'luctus','in tempus sit amet sem fusce consequat nulla',190,421,81,13,773),(303,'mattis nibh ligula','eros elementum pellentesque',NULL,760,77,16,980),(304,'ante ipsum primis','eu interdum eu tincidunt in',786,793,71,18,378),(305,'odio','non mattis pulvinar nulla pede ullamcorper augue',819,328,54,11,252),(306,'ac leo','aliquam lacus morbi quis tortor id nulla',14,76,89,5,494),(307,'id nulla ultrices','non interdum in ante vestibulum ante ipsum primis in faucibus',793,170,60,2,691),(308,'adipiscing lorem','platea dictumst morbi vestibulum velit id',594,605,78,1,314),(309,'ut tellus nulla','tristique fusce congue diam id ornare imperdiet',309,379,44,14,687),(310,'eu tincidunt in','laoreet ut rhoncus aliquet pulvinar sed',59,949,36,5,17),(311,'ultrices enim','sit amet turpis elementum ligula',932,512,53,2,12),(312,'facilisi','odio curabitur convallis duis consequat dui nec nisi volutpat',233,129,50,10,919),(313,'ultrices libero non','justo etiam pretium',305,408,55,12,510),(314,'vestibulum quam sapien','fermentum justo nec condimentum neque sapien placerat ante',146,642,54,2,915),(315,'ante vivamus tortor','massa quis augue luctus',170,923,89,1,31),(316,'dignissim','proin leo odio porttitor id consequat in consequat ut',711,945,73,20,205),(317,'pretium iaculis','massa id lobortis convallis tortor risus dapibus',NULL,591,26,19,79),(318,'curabitur at ipsum','in tempor turpis nec euismod scelerisque quam turpis adipiscing',951,727,26,5,151),(319,'blandit','et magnis dis parturient',NULL,573,43,15,698),(320,'mauris viverra diam','ultrices enim lorem ipsum dolor sit amet',NULL,72,92,20,359),(321,'dapibus dolor vel','at turpis a pede posuere nonummy integer non velit donec',NULL,227,35,19,698),(322,'cursus urna ut','vestibulum ante ipsum primis',142,932,45,20,216),(323,'nibh','etiam vel augue vestibulum',951,280,28,11,51),(324,'orci eget orci','id mauris vulputate elementum nullam varius nulla',NULL,33,92,9,725),(325,'a odio','odio condimentum id luctus nec molestie sed justo pellentesque viverra',39,549,7,18,14),(326,'quisque arcu','proin interdum mauris',904,128,7,12,79),(327,'massa id','in tempus sit',NULL,523,47,14,642),(328,'enim blandit','nec condimentum neque sapien placerat ante',635,933,37,16,494),(329,'et','justo in blandit ultrices enim lorem ipsum dolor',17,487,38,10,385),(330,'nunc nisl','ut tellus nulla ut erat',189,890,63,10,813),(331,'urna','lorem vitae mattis',592,306,63,3,401),(332,'fringilla rhoncus','scelerisque quam turpis adipiscing lorem vitae mattis',896,349,76,7,95),(333,'congue eget','lacinia eget tincidunt eget tempus vel pede morbi porttitor',984,28,11,3,318),(334,'ipsum dolor sit','sed magna at nunc commodo',853,203,98,16,869),(335,'sollicitudin mi sit','eleifend quam a odio in hac habitasse platea',542,543,86,4,647),(336,'tempus vivamus','quisque arcu libero rutrum',107,570,36,11,946),(337,'quam sapien','molestie sed justo pellentesque viverra pede',966,434,39,4,337),(338,'aliquam non mauris','dui vel nisl duis',549,731,99,19,300),(339,'sit','porttitor lorem id',600,924,32,4,686),(340,'semper','massa volutpat convallis',193,530,87,18,100),(341,'mi in','proin interdum mauris non ligula pellentesque ultrices phasellus id',810,107,47,3,658),(342,'nisi','quisque id justo sit amet sapien',NULL,728,69,1,687),(343,'vestibulum ante ipsum','enim lorem ipsum dolor sit amet consectetuer',891,240,16,5,511),(344,'donec dapibus duis','nascetur ridiculus mus',179,978,23,10,143),(345,'aliquam','dolor morbi vel lectus in quam fringilla rhoncus mauris',31,190,53,12,663),(346,'congue diam id','orci luctus et ultrices posuere cubilia curae',715,294,12,10,753),(347,'lacus','eros vestibulum ac',414,217,69,13,513),(348,'phasellus sit','porttitor lorem id ligula',550,983,42,17,565),(349,'viverra diam vitae','justo in hac habitasse platea dictumst',649,81,26,12,190),(350,'ac est lacinia','maecenas tincidunt lacus at velit vivamus vel',63,775,13,1,451),(351,'id consequat in','interdum venenatis turpis enim',229,804,81,19,976),(352,'sit','interdum mauris ullamcorper purus sit amet nulla',NULL,229,73,18,930),(353,'primis in faucibus','et ultrices posuere',524,804,35,14,993),(354,'tristique in tempus','tempus semper est quam pharetra',324,452,77,3,32),(355,'tincidunt eget','semper est quam pharetra magna',506,289,10,8,443),(356,'justo','in consequat ut nulla sed accumsan',NULL,483,10,2,841),(357,'ridiculus mus','nec molestie sed justo',322,538,49,13,645),(358,'faucibus cursus urna','rutrum nulla tellus in sagittis dui vel',34,538,42,4,537),(359,'lacus','tincidunt in leo maecenas pulvinar lobortis',112,652,69,18,900),(360,'nec nisi','est phasellus sit amet erat nulla tempus vivamus in',827,884,50,3,842),(361,'eget nunc','orci eget orci vehicula',392,785,52,16,882),(362,'fermentum','vitae consectetuer eget',518,103,22,10,150),(363,'turpis nec euismod','suscipit a feugiat et eros vestibulum ac est',391,254,44,6,2),(364,'mi pede malesuada','lectus pellentesque at nulla suspendisse',489,808,31,6,597),(365,'cubilia curae','fusce posuere felis',212,883,33,16,632),(366,'nulla','volutpat sapien arcu sed augue aliquam erat',831,99,55,2,349),(367,'lorem ipsum dolor','amet diam in',694,987,25,10,844),(368,'pede','eget eleifend luctus ultricies eu nibh quisque',652,306,35,10,422),(369,'sapien non mi','volutpat sapien arcu',593,304,84,13,191),(370,'in porttitor','ultrices posuere cubilia curae duis faucibus accumsan odio curabitur',277,967,46,10,747),(371,'porta volutpat quam','ut massa quis augue luctus tincidunt nulla mollis molestie',758,569,93,8,208),(372,'nisi at nibh','sed augue aliquam',322,754,37,7,580),(373,'arcu adipiscing','est congue elementum in hac habitasse platea',815,39,40,7,936),(374,'consequat metus sapien','metus arcu adipiscing molestie',246,578,51,9,740),(375,'lacinia sapien quis','dolor morbi vel lectus in quam fringilla rhoncus',15,209,79,20,466),(376,'lectus pellentesque','est quam pharetra',670,157,60,10,517),(377,'massa','ante vivamus tortor duis',NULL,741,7,13,414),(378,'habitasse','vivamus vel nulla eget eros elementum pellentesque',359,877,35,8,602),(379,'quis odio consequat','urna pretium nisl ut volutpat sapien arcu sed',220,319,98,4,316),(380,'rutrum nulla nunc','ut mauris eget massa tempor convallis nulla neque',NULL,95,44,5,62),(381,'natoque penatibus','non interdum in ante vestibulum',170,518,59,2,892),(382,'morbi','congue eget semper rutrum nulla nunc purus phasellus in felis',137,339,57,7,799),(383,'curabitur in libero','hac habitasse platea dictumst etiam faucibus',768,128,47,2,81),(384,'est lacinia','donec ut mauris eget massa tempor convallis nulla neque libero',431,308,22,5,369),(385,'proin interdum mauris','vestibulum quam sapien varius ut blandit non interdum',748,759,71,19,109),(386,'nulla neque libero','ligula vehicula consequat',NULL,163,12,9,91),(387,'leo','at vulputate vitae nisl aenean lectus pellentesque eget nunc',51,880,81,8,563),(388,'mi in porttitor','justo maecenas rhoncus aliquam',332,800,62,16,677),(389,'pede morbi porttitor','non interdum in',543,20,5,6,14),(390,'in','viverra diam vitae quam suspendisse potenti',421,769,63,4,482),(391,'nulla nunc purus','ut ultrices vel augue',NULL,616,5,7,442),(392,'amet erat nulla','venenatis non sodales sed tincidunt',457,809,14,2,870),(393,'tortor','varius nulla facilisi cras non velit',746,170,100,19,416),(394,'tristique','ultrices erat tortor sollicitudin mi sit',763,559,95,14,655),(395,'integer','non quam nec dui luctus rutrum nulla tellus in sagittis',923,359,82,6,899),(396,'sapien','tellus nisi eu orci mauris',942,276,20,5,333),(397,'accumsan tortor','sit amet justo morbi ut odio cras mi pede malesuada',409,923,37,13,493),(398,'ornare','luctus et ultrices posuere cubilia curae donec',985,368,14,20,676),(399,'eu sapien','in ante vestibulum ante ipsum',814,966,19,18,229),(400,'eu est congue','curabitur gravida nisi at nibh in hac',744,550,60,18,313),(401,'maecenas','eu sapien cursus vestibulum proin eu mi nulla ac',324,281,77,9,55),(402,'penatibus et','lacus purus aliquet at feugiat non pretium quis lectus',628,369,21,8,731),(403,'convallis tortor','donec diam neque vestibulum eget vulputate ut',741,562,15,2,417),(404,'cum','malesuada in imperdiet et commodo',537,282,80,6,601),(405,'massa donec dapibus','habitasse platea dictumst aliquam augue quam sollicitudin',NULL,781,91,10,967),(406,'magna','tortor duis mattis egestas',853,115,67,5,702),(407,'ligula','mi sit amet lobortis sapien sapien',993,687,14,8,676),(408,'ligula','dapibus nulla suscipit ligula in lacus curabitur at ipsum',694,657,81,4,320),(409,'libero','id justo sit amet sapien dignissim vestibulum',651,448,46,17,844),(410,'mi pede','elit proin interdum mauris non ligula pellentesque',413,320,44,1,430),(411,'cum','nulla facilisi cras',416,1,44,12,248),(412,'enim lorem ipsum','duis at velit eu est congue elementum in hac habitasse',240,436,56,13,8),(413,'nulla ultrices aliquet','nonummy maecenas tincidunt',258,848,74,14,784),(414,'pellentesque ultrices','et magnis dis parturient montes',12,711,57,14,94),(415,'ante ipsum primis','ut dolor morbi vel lectus in quam fringilla rhoncus',601,516,31,15,749),(416,'id','nisl nunc nisl duis bibendum felis',544,712,29,5,78),(417,'felis donec','venenatis non sodales sed tincidunt eu felis',107,733,17,8,972),(418,'orci','in faucibus orci luctus et',149,149,22,2,121),(419,'lectus','rutrum nulla nunc purus phasellus',907,919,19,20,979),(420,'sed accumsan','dui nec nisi volutpat eleifend',8,467,33,9,328),(421,'vestibulum vestibulum','quam turpis adipiscing lorem vitae mattis nibh ligula',350,791,56,7,797),(422,'ultrices erat','volutpat quam pede lobortis ligula sit amet eleifend pede libero',191,740,33,5,961),(423,'leo odio','ligula pellentesque ultrices phasellus id sapien in',259,898,50,9,179),(424,'lobortis','morbi non lectus aliquam sit amet',326,946,16,6,170),(425,'ultricies','cras mi pede malesuada in imperdiet et commodo vulputate',989,352,33,9,787),(426,'turpis','ligula nec sem',525,805,85,7,542),(427,'magna','pretium nisl ut volutpat sapien arcu sed augue aliquam',735,286,28,19,248),(428,'vel','vestibulum ante ipsum primis in faucibus orci',372,407,19,7,287),(429,'ullamcorper purus','nulla elit ac nulla sed vel enim',337,397,81,5,254),(430,'id pretium iaculis','interdum in ante vestibulum',300,420,19,16,946),(431,'proin at turpis','pellentesque ultrices phasellus id sapien in sapien',428,238,82,15,700),(432,'vulputate','nibh ligula nec sem duis aliquam convallis nunc proin',849,431,77,13,978),(433,'mauris morbi non','justo in hac habitasse platea dictumst',20,678,40,2,296),(434,'in faucibus orci','vestibulum sit amet cursus id',960,206,61,7,768),(435,'at velit eu','semper est quam',558,850,34,19,747),(436,'fermentum','non mauris morbi non lectus aliquam sit amet diam',343,606,98,12,61),(437,'ac consequat','quam pharetra magna ac consequat metus sapien',413,407,83,16,927),(438,'quisque porta','sapien ut nunc vestibulum',455,951,78,6,491),(439,'fusce','leo odio porttitor id',552,143,40,13,660),(440,'metus vitae ipsum','felis fusce posuere felis sed lacus morbi sem mauris',94,382,45,3,321),(441,'turpis','amet cursus id turpis integer aliquet massa',40,203,56,8,604),(442,'ipsum','ante nulla justo aliquam quis turpis eget elit sodales',639,285,78,19,219),(443,'augue aliquam erat','diam neque vestibulum eget vulputate ut ultrices vel augue vestibulum',755,316,39,16,45),(444,'duis','molestie sed justo pellentesque',523,843,29,15,50),(445,'interdum eu','odio justo sollicitudin',42,725,87,20,621),(446,'volutpat sapien','iaculis diam erat fermentum',915,507,69,3,725),(447,'faucibus accumsan odio','diam neque vestibulum eget vulputate ut ultrices',556,102,35,9,840),(448,'nisl nunc rhoncus','aenean lectus pellentesque eget nunc donec quis orci',290,429,43,8,159),(449,'metus','nunc purus phasellus in felis donec semper sapien a',895,111,25,5,815),(450,'integer','non lectus aliquam sit',762,666,88,16,482),(451,'vitae mattis','tincidunt eget tempus vel pede morbi porttitor lorem id',199,283,33,5,95),(452,'nulla justo aliquam','cras non velit nec',985,877,29,1,883),(453,'donec odio justo','cras non velit nec',82,423,71,3,599),(454,'turpis enim blandit','non mi integer ac neque duis bibendum',446,91,8,15,321),(455,'nunc commodo placerat','nullam varius nulla facilisi',458,497,23,20,743),(456,'proin','aliquet pulvinar sed nisl nunc rhoncus dui vel sem sed',324,532,70,12,336),(457,'nam','morbi a ipsum integer a',66,919,2,20,977),(458,'lobortis est phasellus','nullam porttitor lacus at turpis donec',405,670,53,12,995),(459,'maecenas pulvinar lobortis','venenatis tristique fusce congue diam id ornare',176,572,16,14,29),(460,'quisque id','lorem id ligula suspendisse ornare consequat lectus in',702,570,25,19,445),(461,'mauris viverra','proin at turpis',NULL,315,81,10,225),(462,'cursus','pretium iaculis justo in hac habitasse',366,210,95,14,254),(463,'laoreet','risus praesent lectus vestibulum',NULL,650,98,11,505),(464,'mus','tincidunt eget tempus vel pede morbi porttitor lorem id',243,222,47,13,2),(465,'enim','varius integer ac leo',678,725,12,20,388),(466,'pede posuere','pretium quis lectus suspendisse potenti in',522,346,1,3,257),(467,'elementum','quis lectus suspendisse potenti',797,902,13,19,687),(468,'tristique fusce congue','porttitor pede justo eu massa donec dapibus duis at velit',98,211,21,3,770),(469,'cras','sed vel enim sit amet nunc viverra dapibus nulla',NULL,325,95,17,889),(470,'venenatis non sodales','congue eget semper rutrum nulla',154,761,56,7,504),(471,'vulputate ut','ultrices posuere cubilia curae mauris viverra diam vitae',512,366,29,2,893),(472,'ut odio cras','odio donec vitae nisi nam ultrices libero non',7,271,43,4,724),(473,'cras mi','eleifend luctus ultricies eu nibh quisque id justo sit',807,479,39,6,463),(474,'donec','luctus nec molestie',618,744,62,3,352),(475,'augue vel','ut erat curabitur',841,131,71,2,782),(476,'lacus at turpis','erat id mauris vulputate elementum nullam varius nulla facilisi cras',208,286,56,11,474),(477,'tempus vel','in felis eu sapien cursus vestibulum',853,410,49,11,702),(478,'duis faucibus','nec dui luctus',943,795,99,19,314),(479,'adipiscing molestie','et magnis dis parturient montes nascetur ridiculus mus vivamus vestibulum',867,827,74,20,750),(480,'a ipsum','eget eleifend luctus ultricies',712,937,50,2,40),(481,'aliquet','sit amet consectetuer',559,611,12,16,48),(482,'cras pellentesque','erat curabitur gravida nisi',902,422,45,5,207),(483,'viverra','luctus et ultrices posuere cubilia curae duis faucibus accumsan odio',749,138,81,14,418),(484,'sapien','risus auctor sed tristique in tempus sit amet sem',793,885,12,14,341),(485,'cursus','est et tempus semper est quam pharetra magna ac',12,610,79,2,444),(486,'ante ipsum','odio cras mi pede malesuada in imperdiet et',671,917,29,2,820),(487,'hac','sem duis aliquam',414,421,16,1,510),(488,'condimentum neque sapien','tincidunt eu felis',935,652,73,15,33),(489,'massa tempor','imperdiet nullam orci pede',616,676,52,20,985),(490,'ac','duis faucibus accumsan odio curabitur convallis duis consequat dui',162,869,86,7,272),(491,'convallis tortor','congue elementum in hac habitasse platea',798,687,29,8,427),(492,'laoreet ut','rutrum rutrum neque',957,135,83,1,4),(493,'amet lobortis sapien','sapien a libero nam dui proin leo odio porttitor',143,239,68,8,641),(494,'rhoncus','varius integer ac',969,131,77,9,774),(495,'donec semper sapien','tristique fusce congue diam id ornare imperdiet',273,206,92,13,929),(496,'vestibulum quam','ante ipsum primis in faucibus orci luctus et ultrices posuere',380,588,25,12,375),(497,'convallis','augue a suscipit nulla elit',NULL,327,97,17,511),(498,'erat','est et tempus semper',181,384,93,9,598),(499,'proin','pede justo eu massa donec dapibus duis at velit eu',626,705,68,14,201),(500,'dui proin leo','eu mi nulla',392,241,52,3,744),(501,'sit amet eleifend','pede justo eu massa donec dapibus duis at',246,795,13,7,42),(502,'congue elementum','congue diam id ornare imperdiet sapien',530,50,27,8,456),(503,'tempus sit amet','diam erat fermentum',197,224,5,5,150),(504,'interdum mauris','consequat lectus in est',381,874,92,4,894),(505,'ante ipsum primis','ut dolor morbi vel lectus in quam fringilla rhoncus',445,443,37,13,134),(506,'quam','id turpis integer aliquet massa id lobortis convallis',332,931,79,10,868),(507,'in congue','dictumst aliquam augue quam sollicitudin vitae consectetuer',NULL,578,98,13,818),(508,'blandit mi','pellentesque eget nunc donec quis orci eget orci',NULL,231,72,9,404),(509,'fusce posuere','consequat nulla nisl nunc',985,795,21,6,597),(510,'sed accumsan','tincidunt eget tempus vel pede morbi porttitor',848,166,72,17,501),(511,'mauris lacinia sapien','ut massa quis augue luctus tincidunt nulla mollis molestie lorem',24,458,63,4,896),(512,'quam pharetra magna','eros suspendisse accumsan tortor',NULL,257,80,7,19),(513,'augue vestibulum','mauris morbi non lectus aliquam sit amet diam in',984,42,92,1,224),(514,'imperdiet et commodo','praesent id massa',714,638,94,13,739),(515,'nulla dapibus dolor','amet cursus id turpis integer aliquet',NULL,215,83,15,958),(516,'in libero ut','amet cursus id turpis integer aliquet',371,344,67,19,844),(517,'curae','suscipit a feugiat et eros',849,759,72,12,885),(518,'ante ipsum','in hac habitasse platea dictumst etiam faucibus cursus urna',802,874,66,2,439),(519,'felis eu','sagittis sapien cum sociis natoque penatibus et magnis',295,866,83,1,172),(520,'ligula sit','erat curabitur gravida nisi at nibh in hac habitasse',554,962,91,3,675),(521,'augue aliquam','proin risus praesent lectus vestibulum',917,853,10,16,734),(522,'vestibulum ante','donec semper sapien a libero nam dui',527,255,73,6,777),(523,'odio curabitur','eu est congue elementum in hac habitasse platea dictumst morbi',681,70,28,12,262),(524,'in tempor turpis','consequat morbi a ipsum',772,898,66,12,863),(525,'condimentum','malesuada in imperdiet et commodo vulputate',17,712,99,13,836),(526,'interdum venenatis turpis','mauris ullamcorper purus sit',772,253,83,5,203),(527,'sapien in sapien','non mauris morbi non lectus aliquam sit amet',741,401,26,15,10),(528,'vestibulum proin','felis ut at dolor quis odio consequat',95,240,21,4,898),(529,'nisl ut','ultrices libero non mattis pulvinar nulla',373,230,54,12,932),(530,'etiam','platea dictumst aliquam augue quam sollicitudin vitae',926,671,30,20,176),(531,'in magna','non velit donec diam neque vestibulum eget vulputate ut',198,234,47,17,39),(532,'ac','iaculis diam erat fermentum',514,381,96,13,788),(533,'libero nullam sit','enim in tempor turpis nec euismod scelerisque quam',779,809,25,15,276),(534,'posuere cubilia','justo lacinia eget tincidunt eget tempus vel pede morbi',919,53,77,18,944),(535,'vel augue vestibulum','felis ut at dolor quis odio consequat varius integer ac',NULL,438,100,10,503),(536,'vehicula condimentum curabitur','lectus vestibulum quam sapien varius ut',398,642,62,11,569),(537,'in quam fringilla','mauris laoreet ut rhoncus aliquet pulvinar sed nisl nunc',NULL,95,54,2,30),(538,'tellus','suspendisse ornare consequat lectus in est risus auctor',773,811,27,9,506),(539,'aenean','donec dapibus duis at velit eu',710,843,31,20,864),(540,'integer non velit','libero ut massa volutpat convallis morbi',423,665,40,19,794),(541,'in ante','consequat morbi a ipsum integer a nibh in quis justo',NULL,948,57,14,799),(542,'nulla','justo in hac',NULL,187,97,13,954),(543,'in sapien','amet nunc viverra dapibus',963,537,9,6,859),(544,'diam','id consequat in',961,878,96,19,267),(545,'pede venenatis non','in blandit ultrices enim lorem',NULL,585,25,8,712),(546,'posuere metus','felis ut at dolor quis odio consequat varius integer',498,335,82,14,378),(547,'luctus cum sociis','lacus purus aliquet at feugiat non pretium',801,719,100,18,871),(548,'massa','etiam vel augue vestibulum rutrum rutrum neque',235,263,60,18,855),(549,'etiam','morbi a ipsum',447,516,76,14,553),(550,'faucibus','ut erat id mauris',291,546,21,4,185),(551,'habitasse platea dictumst','donec posuere metus vitae',936,611,86,17,840),(552,'ultricies eu nibh','lacus at turpis donec posuere',418,729,38,16,407),(553,'pulvinar nulla','at nulla suspendisse potenti cras in purus eu magna',426,2,47,5,647),(554,'purus sit','pede morbi porttitor lorem id ligula suspendisse ornare consequat lectus',NULL,985,77,9,225),(555,'massa volutpat convallis','quam suspendisse potenti nullam porttitor lacus',441,350,79,2,621),(556,'eu','integer ac leo pellentesque ultrices mattis odio donec vitae nisi',207,564,10,12,808),(557,'eu','nunc commodo placerat praesent blandit',892,266,95,14,178),(558,'tempor turpis','nulla tellus in sagittis dui vel nisl duis',638,328,62,2,730),(559,'tristique fusce congue','nisl aenean lectus pellentesque eget nunc donec',NULL,376,19,17,570),(560,'facilisi cras non','nulla neque libero convallis eget eleifend luctus ultricies',17,855,58,5,512),(561,'euismod','erat quisque erat eros viverra',945,869,85,3,557),(562,'pellentesque quisque','pretium nisl ut volutpat sapien arcu sed',958,833,82,16,237),(563,'pretium iaculis justo','sed accumsan felis ut at dolor quis',599,963,36,1,863),(564,'magna bibendum','amet consectetuer adipiscing elit proin interdum mauris non ligula pellentesque',131,725,88,6,85),(565,'velit eu est','mi pede malesuada in',177,859,90,15,999),(566,'ultrices posuere cubilia','varius integer ac leo pellentesque ultrices mattis odio',163,423,44,20,291),(567,'accumsan felis ut','bibendum felis sed interdum venenatis turpis enim blandit mi in',610,650,69,5,324),(568,'felis fusce posuere','cras mi pede malesuada in imperdiet',936,222,84,9,776),(569,'lectus vestibulum','morbi quis tortor id nulla ultrices aliquet maecenas',927,541,55,1,728),(570,'dictumst aliquam','ut at dolor quis',866,158,54,17,360),(571,'a','et magnis dis parturient montes nascetur ridiculus mus',986,868,99,5,774),(572,'in faucibus','rhoncus aliquam lacus morbi quis tortor',74,641,41,17,136),(573,'sit','dapibus at diam nam',389,502,61,15,140),(574,'faucibus orci luctus','volutpat sapien arcu sed augue aliquam erat volutpat in congue',919,198,12,2,362),(575,'cras','hac habitasse platea dictumst',315,717,74,20,529),(576,'nisi','in consequat ut nulla sed',921,481,69,4,226),(577,'potenti nullam','at turpis a pede',903,435,96,12,399),(578,'eleifend donec','lacinia nisi venenatis tristique fusce congue diam',NULL,143,78,18,525),(579,'luctus cum','duis at velit eu est congue elementum in',531,942,57,9,950),(580,'at velit','mauris vulputate elementum nullam varius nulla facilisi cras',162,263,88,14,202),(581,'proin','pede lobortis ligula sit amet eleifend pede',NULL,409,15,17,954),(582,'tellus semper interdum','elementum eu interdum eu tincidunt in leo maecenas pulvinar',132,760,23,8,635),(583,'sagittis dui vel','quam sapien varius ut blandit',468,254,59,19,728),(584,'eget tincidunt eget','aenean auctor gravida',305,383,84,8,963),(585,'sit amet','vel dapibus at diam',896,911,74,11,815),(586,'ut rhoncus','in faucibus orci',895,140,70,15,48),(587,'rutrum','montes nascetur ridiculus',586,6,20,15,627),(588,'vivamus in','metus sapien ut nunc vestibulum',296,512,83,20,205),(589,'tortor quis turpis','felis donec semper sapien a libero nam dui',732,939,98,11,902),(590,'massa quis','nisl nunc nisl duis bibendum felis',992,311,6,20,65),(591,'lectus pellentesque','integer ac leo pellentesque',328,175,65,17,968),(592,'sit amet turpis','suspendisse potenti in eleifend quam a odio in hac',597,266,52,13,617),(593,'enim lorem ipsum','in faucibus orci luctus et ultrices',988,587,77,6,279),(594,'magna','integer ac leo pellentesque ultrices mattis odio donec',673,474,84,20,832),(595,'lectus','dolor sit amet consectetuer adipiscing elit proin interdum mauris non',NULL,281,33,1,951),(596,'maecenas leo odio','id consequat in consequat ut nulla',409,236,79,15,235),(597,'odio curabitur','diam id ornare imperdiet sapien urna',268,604,28,3,324),(598,'non sodales','cubilia curae donec pharetra magna vestibulum aliquet ultrices erat tortor',450,407,24,18,424),(599,'nascetur ridiculus mus','volutpat erat quisque erat',453,48,11,2,666),(600,'in','justo etiam pretium iaculis justo in hac habitasse',181,873,46,12,760),(601,'aenean fermentum donec','molestie nibh in lectus pellentesque at nulla',669,912,40,20,628),(602,'quisque','blandit mi in porttitor',544,894,79,4,792),(603,'sem','in congue etiam justo etiam',933,400,83,11,721),(604,'ut odio cras','vestibulum aliquet ultrices erat tortor sollicitudin mi sit',91,457,33,4,342),(605,'bibendum morbi','a ipsum integer a nibh in quis justo maecenas',837,572,14,20,670),(606,'tincidunt nulla mollis','erat id mauris',NULL,32,63,7,104),(607,'et eros vestibulum','in eleifend quam a odio in hac habitasse',753,516,98,11,901),(608,'integer ac','ac diam cras pellentesque volutpat dui maecenas',867,872,99,1,874),(609,'posuere','vestibulum rutrum rutrum neque aenean',957,728,44,7,970),(610,'et ultrices posuere','ac nibh fusce lacus',81,972,17,9,884),(611,'sit amet','placerat praesent blandit nam nulla integer pede justo lacinia eget',648,194,23,11,19),(612,'ultrices posuere cubilia','integer pede justo lacinia eget tincidunt eget tempus vel pede',879,905,17,18,199),(613,'donec posuere','dui luctus rutrum nulla tellus in sagittis dui vel nisl',136,230,22,3,278),(614,'ultricies','duis at velit eu est congue',356,491,28,17,70),(615,'luctus et','eget tincidunt eget tempus vel pede morbi porttitor',393,668,95,7,449),(616,'quis','fusce posuere felis sed lacus morbi sem mauris laoreet ut',752,508,67,1,250),(617,'neque vestibulum','libero quis orci nullam molestie nibh in',675,751,73,6,851),(618,'auctor gravida sem','tincidunt nulla mollis molestie lorem quisque ut erat curabitur',NULL,322,1,13,493),(619,'sit amet diam','orci eget orci',392,827,82,3,757),(620,'vestibulum ac est','eget tempus vel pede morbi porttitor lorem id ligula suspendisse',372,699,74,10,643),(621,'leo rhoncus','amet lobortis sapien sapien non mi',715,848,45,20,374),(622,'accumsan tellus','lacus curabitur at ipsum ac tellus semper interdum',217,57,33,10,742),(623,'integer ac','pretium iaculis diam erat fermentum justo',NULL,416,88,19,906),(624,'blandit nam','consequat in consequat ut nulla sed accumsan',788,329,83,4,850),(625,'ac nulla','mi integer ac neque duis',931,952,30,1,428),(626,'eu tincidunt','nisl nunc rhoncus dui vel sem sed sagittis nam',985,437,63,5,667),(627,'lacus at turpis','sit amet nunc viverra dapibus',118,191,73,8,604),(628,'volutpat','feugiat et eros vestibulum ac est lacinia nisi',678,369,43,1,247),(629,'pede','dis parturient montes nascetur ridiculus',526,650,6,12,925),(630,'eget eleifend luctus','nisl nunc nisl duis bibendum felis sed interdum venenatis turpis',547,233,83,1,634),(631,'malesuada','nunc purus phasellus in felis donec semper sapien',347,799,74,14,351),(632,'ac','eleifend quam a',407,479,31,4,885),(633,'molestie lorem','dolor sit amet consectetuer adipiscing elit',161,236,79,9,460),(634,'consequat ut','vestibulum proin eu mi nulla ac enim in tempor turpis',84,924,62,9,939),(635,'lacinia','amet cursus id turpis integer aliquet',914,492,2,11,251),(636,'diam nam','duis faucibus accumsan odio curabitur convallis duis',873,889,96,16,88),(637,'varius integer','sed vel enim sit amet',481,272,60,12,170),(638,'turpis','placerat praesent blandit',297,725,24,5,501),(639,'dapibus augue vel','sodales scelerisque mauris sit amet',747,999,87,9,494),(640,'at ipsum','elit ac nulla sed vel enim',23,442,76,12,393),(641,'potenti nullam','odio consequat varius integer ac',97,803,78,18,314),(642,'morbi non','vehicula consequat morbi a ipsum integer a',389,590,89,12,484),(643,'sodales','curae donec pharetra magna vestibulum aliquet ultrices erat tortor sollicitudin',908,91,53,17,769),(644,'aliquet','nisi eu orci mauris lacinia sapien quis libero nullam',833,994,43,17,248),(645,'condimentum','felis eu sapien cursus vestibulum proin eu mi nulla',NULL,254,22,19,830),(646,'tristique','neque duis bibendum morbi non',1,920,6,15,187),(647,'pede','in lectus pellentesque at nulla suspendisse potenti',126,591,68,13,999),(648,'lorem ipsum','morbi non lectus aliquam sit',496,791,57,4,26),(649,'ipsum integer','odio justo sollicitudin ut suscipit a feugiat',930,170,19,20,356),(650,'nibh in lectus','convallis duis consequat dui nec nisi',988,412,39,7,842),(651,'habitasse','leo odio porttitor id',211,334,85,6,732),(652,'cras mi','cras mi pede malesuada in imperdiet et commodo vulputate',223,934,14,9,319),(653,'nisl duis','venenatis lacinia aenean sit',616,142,5,6,217),(654,'velit donec','curae donec pharetra magna',448,33,76,17,300),(655,'at dolor quis','eu massa donec dapibus duis at velit eu est',309,29,98,14,894),(656,'eget eros','pellentesque quisque porta volutpat erat quisque erat',767,265,68,19,228),(657,'magna ac','nascetur ridiculus mus vivamus vestibulum',327,601,45,1,196),(658,'aliquet massa','mauris laoreet ut rhoncus',680,147,28,19,810),(659,'purus phasellus in','eget eros elementum',613,962,44,13,97),(660,'venenatis','volutpat sapien arcu sed augue aliquam erat volutpat in congue',360,791,97,4,422),(661,'id','nulla sed accumsan felis ut at dolor quis odio consequat',45,18,11,4,407),(662,'in','at ipsum ac tellus',248,318,47,18,544),(663,'tincidunt lacus','vulputate luctus cum sociis natoque penatibus et',400,282,71,1,347),(664,'vel sem','semper est quam pharetra magna ac consequat metus sapien',NULL,648,7,4,716),(665,'hac','quis libero nullam sit amet',308,327,39,16,50),(666,'eleifend donec ut','ultrices enim lorem ipsum',388,161,98,9,739),(667,'lacus morbi','interdum mauris non ligula pellentesque ultrices phasellus',379,785,100,15,780),(668,'lorem','pede ac diam cras pellentesque volutpat dui maecenas tristique',793,503,11,15,73),(669,'erat curabitur gravida','tincidunt lacus at velit vivamus vel nulla',NULL,518,63,4,182),(670,'congue risus semper','sollicitudin vitae consectetuer eget rutrum at lorem integer tincidunt ante',874,82,80,10,405),(671,'tempor convallis','pulvinar nulla pede ullamcorper augue a suscipit nulla elit',569,349,25,10,297),(672,'in faucibus orci','in purus eu magna vulputate luctus cum',545,23,80,19,970),(673,'etiam pretium iaculis','massa volutpat convallis morbi odio odio elementum eu interdum eu',812,452,60,6,330),(674,'tincidunt eu','at velit eu est congue',688,371,78,16,682),(675,'lacinia nisi','eleifend donec ut dolor',204,899,95,18,993),(676,'feugiat et','lacus purus aliquet at',839,837,31,10,607),(677,'cubilia curae','quis orci eget orci vehicula',717,823,40,19,777),(678,'nibh','eget semper rutrum nulla nunc purus phasellus in felis',NULL,728,36,4,290),(679,'sapien','eget massa tempor convallis nulla neque',NULL,205,37,1,152),(680,'pulvinar lobortis','leo odio condimentum id luctus nec',648,953,4,12,405),(681,'bibendum','iaculis congue vivamus',694,503,52,15,442),(682,'nisl nunc rhoncus','hac habitasse platea dictumst',578,105,84,11,553),(683,'auctor','duis bibendum felis sed interdum venenatis',727,746,83,14,616),(684,'sollicitudin mi','duis faucibus accumsan odio curabitur',409,102,40,3,487),(685,'in','porttitor lorem id ligula',786,160,11,18,528),(686,'nulla','amet eleifend pede',456,733,52,11,525),(687,'ipsum primis in','nascetur ridiculus mus etiam vel augue',NULL,11,24,11,163),(688,'volutpat','sit amet turpis',500,561,76,6,526),(689,'curae','est quam pharetra magna ac consequat metus sapien',54,758,98,15,901),(690,'rutrum rutrum','non velit donec diam',675,682,85,6,139),(691,'blandit ultrices','convallis nulla neque libero convallis',941,41,19,15,296),(692,'eros viverra eget','nisl ut volutpat sapien',352,962,96,18,1),(693,'vulputate luctus cum','morbi quis tortor id nulla ultrices aliquet maecenas leo odio',232,55,22,17,567),(694,'orci luctus et','ante ipsum primis in faucibus orci luctus et',NULL,282,82,20,528),(695,'vulputate nonummy maecenas','quam a odio in hac habitasse platea',407,655,87,11,41),(696,'duis ac nibh','enim in tempor turpis nec euismod scelerisque quam',NULL,547,14,4,414),(697,'cubilia curae nulla','hac habitasse platea dictumst aliquam augue quam sollicitudin vitae consectetuer',557,760,62,12,321),(698,'mauris enim','mattis egestas metus aenean fermentum donec ut mauris',31,563,91,7,530),(699,'massa volutpat','placerat ante nulla justo',448,984,35,12,761),(700,'libero','est quam pharetra magna ac consequat',644,275,41,9,276),(701,'sit','aliquam non mauris morbi non lectus aliquam sit amet diam',995,514,73,18,673),(702,'justo','est risus auctor sed',195,843,99,12,872),(703,'felis ut','massa quis augue luctus tincidunt nulla mollis molestie lorem quisque',787,536,65,3,708),(704,'leo rhoncus sed','eleifend pede libero',254,290,25,20,871),(705,'justo','odio condimentum id luctus nec molestie sed',934,640,80,12,835),(706,'ut mauris','lacinia nisi venenatis tristique fusce congue diam id ornare',525,679,1,18,568),(707,'amet','praesent blandit lacinia erat vestibulum',NULL,884,42,13,974),(708,'ante vivamus tortor','quis orci nullam molestie nibh in lectus pellentesque',384,468,47,12,601),(709,'massa','faucibus orci luctus et ultrices posuere',691,356,89,12,706),(710,'non','purus sit amet nulla quisque arcu libero rutrum ac',137,253,64,20,814),(711,'eget','a pede posuere',822,11,86,7,201),(712,'ac consequat metus','vestibulum velit id pretium iaculis diam',159,452,24,5,85),(713,'justo eu massa','nec molestie sed justo pellentesque viverra pede',654,472,99,9,840),(714,'tempus semper','et ultrices posuere',540,122,72,9,977),(715,'vel dapibus','rutrum nulla tellus',NULL,578,72,6,731),(716,'quam','penatibus et magnis dis parturient montes nascetur',697,67,79,16,646),(717,'laoreet ut','ac leo pellentesque ultrices',60,523,52,17,69),(718,'montes','vestibulum velit id pretium iaculis diam erat fermentum',728,836,83,6,463),(719,'sagittis sapien cum','eros vestibulum ac',175,94,31,17,189),(720,'est donec odio','vestibulum sit amet cursus id turpis integer aliquet massa id',619,371,89,8,170),(721,'vehicula','nec condimentum neque sapien placerat ante nulla justo aliquam',NULL,286,44,6,433),(722,'fusce','enim lorem ipsum dolor sit amet consectetuer adipiscing',699,484,4,12,530),(723,'mollis','eu mi nulla ac enim in tempor turpis nec euismod',NULL,980,90,13,696),(724,'in magna bibendum','libero nullam sit amet turpis',NULL,279,60,8,396),(725,'at dolor quis','lacus morbi quis tortor',537,106,66,7,593),(726,'suscipit nulla elit','pellentesque ultrices mattis odio donec',814,371,96,14,255),(727,'eros vestibulum','in faucibus orci luctus',188,441,33,9,753),(728,'hac habitasse platea','purus aliquet at feugiat non pretium quis lectus suspendisse',188,5,1,2,187),(729,'id luctus nec','leo pellentesque ultrices mattis odio donec vitae nisi nam',363,959,93,12,803),(730,'quis justo maecenas','cubilia curae mauris viverra diam vitae quam suspendisse potenti',738,458,61,1,878),(731,'duis','massa tempor convallis nulla neque libero convallis eget eleifend',630,695,79,12,744),(732,'sapien iaculis congue','primis in faucibus orci',570,709,57,19,844),(733,'cursus','turpis integer aliquet massa id',NULL,928,21,14,120),(734,'accumsan','posuere felis sed lacus morbi',604,180,67,20,910),(735,'elementum ligula','donec semper sapien a libero nam dui proin leo odio',638,715,14,6,421),(736,'ultricies','interdum venenatis turpis',962,695,99,6,333),(737,'lacinia','habitasse platea dictumst etiam faucibus cursus urna ut',535,205,96,18,179),(738,'volutpat','vulputate luctus cum',427,648,14,19,158),(739,'sed augue','etiam vel augue vestibulum rutrum rutrum neque aenean auctor',NULL,899,93,11,999),(740,'ac tellus','cursus id turpis integer aliquet massa',940,136,51,13,416),(741,'porta volutpat','volutpat convallis morbi odio odio',532,835,67,8,45),(742,'donec','aenean fermentum donec',882,933,80,19,745),(743,'amet nulla','et commodo vulputate justo in',20,942,47,2,603),(744,'imperdiet','porttitor pede justo eu massa donec dapibus duis',995,179,100,17,31),(745,'iaculis justo','dui maecenas tristique',775,410,1,18,706),(746,'consectetuer adipiscing','convallis nulla neque libero convallis eget eleifend',438,977,22,8,298),(747,'risus dapibus','ultrices aliquet maecenas leo',489,441,86,7,984),(748,'aenean lectus','pharetra magna ac consequat metus sapien ut nunc vestibulum ante',964,165,43,5,100),(749,'sed vel','eu tincidunt in leo maecenas pulvinar lobortis',610,765,56,3,604),(750,'ante vivamus','in congue etiam justo etiam',889,101,45,6,154),(751,'pellentesque','nullam porttitor lacus at turpis',NULL,257,37,13,862),(752,'turpis','nulla sed accumsan',492,490,5,13,964),(753,'hac habitasse platea','eget elit sodales scelerisque mauris sit amet eros',516,875,67,19,764),(754,'consequat nulla','ac leo pellentesque ultrices mattis odio donec vitae nisi nam',893,685,91,4,432),(755,'duis bibendum morbi','odio cras mi pede malesuada in',422,30,35,12,661),(756,'amet erat nulla','sem duis aliquam convallis nunc proin at turpis',884,90,91,16,203),(757,'nulla mollis molestie','in est risus auctor sed tristique in',1000,815,60,14,666),(758,'a libero nam','sapien placerat ante nulla justo aliquam quis turpis eget elit',471,650,78,3,752),(759,'aliquam convallis nunc','aliquam sit amet',720,243,83,7,828),(760,'bibendum felis sed','ac enim in tempor turpis',134,416,70,19,141),(761,'lacus curabitur at','lectus pellentesque at nulla suspendisse potenti cras in',326,64,77,4,660),(762,'in lacus','dis parturient montes nascetur ridiculus mus',299,85,84,6,365),(763,'nulla','risus auctor sed tristique',873,315,3,14,454),(764,'habitasse platea','blandit non interdum in ante vestibulum ante ipsum',23,681,92,16,169),(765,'quis augue luctus','nulla neque libero',915,423,2,13,204),(766,'ac consequat','cursus urna ut tellus nulla ut erat id',815,667,37,19,629),(767,'nunc','ante vel ipsum praesent blandit lacinia',902,985,18,5,928),(768,'tempus sit amet','cubilia curae duis',631,312,92,20,95),(769,'dolor','eu est congue elementum',170,727,9,14,407),(770,'interdum in ante','leo pellentesque ultrices',531,850,37,19,426),(771,'et tempus','suscipit nulla elit ac nulla sed',364,580,12,15,187),(772,'turpis','aenean lectus pellentesque eget',940,700,29,2,484),(773,'pulvinar lobortis est','gravida nisi at nibh in hac habitasse platea dictumst',999,565,93,13,218),(774,'sit amet erat','pretium iaculis justo in hac habitasse',304,177,25,18,38),(775,'sollicitudin ut','consequat in consequat ut nulla sed accumsan felis ut',378,263,68,18,159),(776,'in sapien iaculis','convallis nunc proin at turpis a pede posuere nonummy integer',7,361,72,18,608),(777,'venenatis non','phasellus id sapien',NULL,733,46,2,495),(778,'penatibus et','primis in faucibus orci luctus et ultrices posuere cubilia curae',279,981,19,14,88),(779,'amet','justo maecenas rhoncus',814,52,51,15,462),(780,'amet nulla quisque','duis consequat dui nec nisi volutpat eleifend donec ut',748,461,42,13,692),(781,'ut at dolor','faucibus orci luctus et ultrices posuere cubilia curae',178,600,5,13,581),(782,'facilisi cras','purus eu magna vulputate luctus cum',163,954,39,7,276),(783,'volutpat sapien arcu','ut massa volutpat',351,620,26,14,295),(784,'bibendum','purus eu magna vulputate luctus',597,959,24,13,5),(785,'quis orci','proin at turpis a pede posuere',NULL,441,80,15,966),(786,'nulla','nulla integer pede justo lacinia',306,182,64,9,65),(787,'proin','quis justo maecenas rhoncus',547,385,22,12,655),(788,'parturient','lectus pellentesque at nulla suspendisse potenti',556,683,79,15,121),(789,'felis sed','id lobortis convallis tortor risus',901,745,16,1,388),(790,'risus auctor sed','eget tincidunt eget tempus vel pede morbi porttitor lorem',891,869,59,11,705),(791,'quisque arcu libero','ligula in lacus curabitur at ipsum',864,463,34,20,120),(792,'hac habitasse','in quam fringilla rhoncus mauris',242,818,75,1,501),(793,'euismod scelerisque','proin risus praesent lectus vestibulum quam sapien',148,742,2,12,80),(794,'eleifend luctus ultricies','morbi non lectus aliquam sit amet',719,289,33,8,718),(795,'ligula sit amet','ipsum praesent blandit lacinia erat vestibulum sed',877,765,85,14,797),(796,'nam congue risus','cubilia curae mauris viverra diam vitae quam suspendisse potenti',406,278,22,14,776),(797,'odio elementum','feugiat et eros vestibulum ac est lacinia',737,125,78,12,45),(798,'ultrices posuere cubilia','auctor gravida sem praesent id massa id nisl venenatis lacinia',544,535,56,13,163),(799,'massa','ut erat curabitur gravida nisi at nibh in hac habitasse',383,342,24,13,90),(800,'dictumst','fermentum donec ut mauris eget',847,890,9,12,278),(801,'justo in','lacinia eget tincidunt eget tempus vel pede morbi',442,118,56,2,35),(802,'sit amet turpis','consequat lectus in est risus auctor sed tristique in tempus',370,985,5,18,744),(803,'interdum in ante','at lorem integer tincidunt ante vel ipsum',331,329,13,11,833),(804,'cras mi','vestibulum sit amet cursus id turpis integer aliquet massa id',NULL,581,79,11,195),(805,'felis sed','elementum ligula vehicula consequat morbi a ipsum',895,918,45,3,99),(806,'sed augue aliquam','quam pede lobortis ligula sit amet eleifend pede libero quis',962,348,92,9,175),(807,'ultrices posuere cubilia','odio donec vitae nisi nam ultrices libero non mattis pulvinar',NULL,11,63,18,301),(808,'aliquam erat volutpat','dolor quis odio consequat varius integer ac leo',877,913,52,8,836),(809,'orci','sit amet nulla',236,987,88,12,987),(810,'vestibulum sagittis','id consequat in consequat ut nulla sed',688,482,94,13,345),(811,'euismod scelerisque quam','turpis sed ante vivamus tortor duis mattis egestas metus aenean',507,952,62,4,688),(812,'pellentesque eget nunc','non interdum in ante vestibulum',198,893,86,3,928),(813,'vel est donec','erat curabitur gravida nisi at',363,212,20,8,223),(814,'nisi vulputate nonummy','eget congue eget semper rutrum',825,885,63,13,948),(815,'ultrices','erat id mauris vulputate elementum nullam varius nulla',602,981,1,11,410),(816,'luctus et','nam tristique tortor eu',201,776,13,16,714),(817,'pharetra magna vestibulum','in ante vestibulum ante',56,222,38,11,812),(818,'lectus','a feugiat et eros vestibulum ac est',21,569,37,20,858),(819,'erat','lacus morbi quis tortor',NULL,123,66,6,801),(820,'vestibulum','ante ipsum primis in',NULL,647,20,16,382),(821,'aliquet massa id','curae duis faucibus accumsan odio curabitur convallis duis consequat dui',698,598,70,1,591),(822,'ut mauris','lacus morbi quis tortor id nulla ultrices aliquet maecenas',NULL,414,40,14,306),(823,'venenatis tristique','rhoncus mauris enim leo',111,742,4,7,147),(824,'ipsum aliquam non','purus phasellus in felis donec semper sapien a libero',57,230,13,12,440),(825,'libero','mauris sit amet eros suspendisse accumsan tortor',136,68,29,17,360),(826,'tempus semper est','neque sapien placerat ante nulla justo aliquam quis turpis eget',477,949,71,7,458),(827,'dignissim vestibulum vestibulum','nec condimentum neque sapien',NULL,482,93,16,548),(828,'et magnis','enim in tempor turpis',360,988,24,14,288),(829,'amet turpis','lorem ipsum dolor sit',821,417,65,13,357),(830,'augue','a nibh in quis justo',234,441,11,16,550),(831,'malesuada in','id ligula suspendisse ornare consequat lectus in est risus',158,132,65,8,521),(832,'rutrum','lacinia eget tincidunt eget tempus vel pede',636,263,74,17,140),(833,'pharetra magna ac','ultrices erat tortor',NULL,521,52,14,836),(834,'pede','aliquet ultrices erat tortor sollicitudin mi sit amet',NULL,938,27,13,860),(835,'adipiscing lorem vitae','in libero ut massa volutpat convallis',541,514,66,17,570),(836,'tristique tortor','platea dictumst aliquam augue quam sollicitudin vitae consectetuer eget rutrum',128,883,43,3,267),(837,'pede lobortis','ut tellus nulla ut erat id mauris',184,946,46,2,87),(838,'nibh in','etiam justo etiam pretium',143,567,19,3,641),(839,'ultrices','mattis odio donec vitae nisi nam ultrices libero',554,676,11,19,87),(840,'ante ipsum','porttitor lorem id ligula suspendisse',625,855,100,18,108),(841,'sapien dignissim','varius ut blandit non interdum in ante vestibulum ante ipsum',302,359,48,2,325),(842,'accumsan tortor','odio donec vitae nisi nam ultrices',425,701,40,14,688),(843,'dis','hac habitasse platea',674,477,53,8,610),(844,'convallis nulla','purus sit amet nulla quisque',718,624,8,3,376),(845,'molestie sed justo','nulla integer pede',448,377,44,13,777),(846,'id pretium','sed interdum venenatis',494,542,89,1,550),(847,'lacus','quam pede lobortis ligula sit amet eleifend',813,78,20,17,177),(848,'nisl duis ac','lectus pellentesque eget nunc donec',128,61,56,12,30),(849,'etiam justo','metus arcu adipiscing molestie hendrerit at vulputate vitae nisl',634,443,84,19,341),(850,'primis in','in sapien iaculis congue vivamus metus arcu adipiscing molestie',651,114,43,3,641),(851,'aliquam','nec molestie sed justo pellentesque viverra pede ac',112,213,5,4,684),(852,'fusce consequat','pulvinar lobortis est phasellus sit amet erat nulla tempus',136,859,24,16,16),(853,'iaculis','phasellus in felis donec semper sapien',176,243,36,5,761),(854,'sed lacus','sollicitudin mi sit amet lobortis sapien',NULL,62,42,6,138),(855,'eros elementum','suscipit a feugiat et eros',349,787,46,11,302),(856,'donec pharetra magna','orci vehicula condimentum curabitur in libero',478,273,72,16,618),(857,'ut erat id','morbi quis tortor id nulla',212,771,53,3,728),(858,'habitasse platea dictumst','donec odio justo sollicitudin',941,203,74,12,701),(859,'ornare','eget nunc donec quis orci',474,913,36,10,929),(860,'primis','nec sem duis aliquam convallis nunc proin',24,298,44,9,467),(861,'consequat','hac habitasse platea dictumst',674,972,29,15,338),(862,'sed sagittis nam','ultrices erat tortor sollicitudin mi sit amet',652,80,43,19,709),(863,'sit amet diam','integer a nibh in quis justo maecenas rhoncus',8,137,47,8,770),(864,'eget eros','eget elit sodales scelerisque mauris sit amet eros suspendisse',788,402,44,17,976),(865,'rhoncus','at turpis donec',263,50,38,14,605),(866,'sed interdum','iaculis congue vivamus metus',469,470,82,14,234),(867,'purus eu magna','amet eleifend pede',473,708,65,11,497),(868,'curae','ridiculus mus vivamus vestibulum sagittis sapien',648,517,59,14,76),(869,'tempor','dolor morbi vel lectus in quam fringilla rhoncus mauris enim',180,577,45,20,411),(870,'etiam','nulla suspendisse potenti cras in',382,792,26,19,53),(871,'amet justo morbi','cursus vestibulum proin eu mi nulla ac enim in',39,687,92,12,815),(872,'vestibulum quam sapien','posuere nonummy integer non velit donec',225,754,72,14,157),(873,'nec nisi volutpat','dapibus augue vel accumsan tellus nisi eu orci',906,732,71,20,19),(874,'ultrices','magna vestibulum aliquet ultrices erat tortor sollicitudin',150,340,45,18,816),(875,'sit','proin leo odio porttitor id',175,774,1,14,85),(876,'vestibulum sagittis','porta volutpat quam pede lobortis ligula sit amet',856,96,20,7,398),(877,'orci luctus et','nullam varius nulla facilisi cras non velit nec',56,68,73,20,599),(878,'semper rutrum','natoque penatibus et magnis dis',232,111,99,15,303),(879,'id nulla','vestibulum velit id pretium iaculis diam erat fermentum justo',318,413,97,16,654),(880,'consequat metus sapien','sit amet nunc viverra dapibus nulla suscipit',977,771,58,7,430),(881,'amet cursus id','hac habitasse platea dictumst aliquam',791,607,58,1,399),(882,'phasellus in felis','quisque porta volutpat erat quisque erat eros viverra eget',447,230,36,7,105),(883,'pede ac','sed interdum venenatis turpis enim blandit mi in',NULL,164,94,8,253),(884,'penatibus et','at velit vivamus',635,274,96,9,133),(885,'ut odio cras','sapien cum sociis natoque penatibus',659,918,49,14,709),(886,'augue luctus tincidunt','consectetuer adipiscing elit proin',106,446,94,6,890),(887,'rutrum nulla tellus','pulvinar sed nisl nunc rhoncus dui vel sem sed',799,425,13,9,658),(888,'sem sed sagittis','vel augue vestibulum rutrum rutrum neque aenean auctor gravida',186,210,40,17,578),(889,'erat fermentum justo','elementum ligula vehicula consequat morbi a ipsum integer',323,839,95,7,630),(890,'justo','natoque penatibus et magnis',NULL,965,57,6,314),(891,'elementum nullam','est lacinia nisi venenatis tristique fusce congue diam id ornare',NULL,441,15,13,270),(892,'nulla','pellentesque ultrices phasellus id sapien in sapien iaculis congue vivamus',962,15,13,17,615),(893,'condimentum id luctus','accumsan tortor quis turpis sed ante vivamus tortor',22,338,29,3,816),(894,'nisi','erat fermentum justo nec condimentum neque sapien placerat ante',582,326,19,12,904),(895,'varius nulla','ligula nec sem duis',979,348,30,7,478),(896,'mauris ullamcorper','vivamus metus arcu adipiscing molestie hendrerit at vulputate vitae nisl',889,982,99,12,21),(897,'curabitur convallis duis','congue eget semper rutrum nulla',341,418,27,19,396),(898,'vestibulum','nulla tempus vivamus in',523,978,5,19,206),(899,'nisl aenean lectus','nulla ac enim in tempor turpis nec',398,71,66,17,34),(900,'potenti nullam porttitor','volutpat eleifend donec ut dolor',2,793,50,12,513),(901,'habitasse platea','elit ac nulla sed vel enim sit amet',466,420,6,10,899),(902,'ultrices aliquet maecenas','felis donec semper sapien a libero nam dui proin',728,484,91,15,872),(903,'magna','non velit donec diam neque vestibulum eget vulputate ut ultrices',798,212,46,7,825),(904,'sapien','mi pede malesuada in imperdiet',443,604,69,5,721),(905,'magnis dis parturient','justo morbi ut odio cras mi pede',723,541,51,16,536),(906,'nulla','rutrum rutrum neque aenean auctor gravida',725,306,65,16,709),(907,'ut nunc','potenti in eleifend',221,598,29,16,320),(908,'eget orci','eu felis fusce',NULL,501,49,15,972),(909,'sapien sapien non','metus aenean fermentum donec ut mauris eget massa tempor convallis',534,806,60,6,864),(910,'rutrum','felis sed interdum venenatis turpis enim blandit',100,992,3,12,611),(911,'elementum pellentesque quisque','vel nulla eget eros',963,227,25,16,665),(912,'integer ac neque','condimentum neque sapien placerat ante nulla',203,638,11,8,50),(913,'convallis eget','nulla facilisi cras non velit nec',529,890,23,10,91),(914,'sapien dignissim','cubilia curae mauris viverra diam vitae quam suspendisse',517,602,2,7,901),(915,'non','fusce consequat nulla nisl',NULL,437,79,4,373),(916,'enim sit','vestibulum quam sapien varius ut blandit non',952,12,46,6,188),(917,'id','sit amet sapien',68,570,6,6,445),(918,'non sodales sed','libero non mattis pulvinar nulla pede ullamcorper augue a',491,574,62,15,461),(919,'natoque penatibus et','non ligula pellentesque ultrices phasellus',215,984,19,1,632),(920,'ipsum primis in','vitae nisi nam ultrices libero',291,6,67,10,486),(921,'sagittis dui','sapien dignissim vestibulum vestibulum ante ipsum primis in',795,15,70,2,487),(922,'pede libero quis','dui proin leo odio porttitor id consequat in consequat ut',109,97,20,20,175),(923,'ut erat curabitur','vulputate ut ultrices',448,367,19,8,764),(924,'vestibulum','orci pede venenatis',259,710,32,1,658),(925,'non velit','pulvinar lobortis est phasellus sit amet erat nulla tempus vivamus',444,266,37,2,105),(926,'ante vestibulum','at nunc commodo placerat praesent blandit nam nulla integer pede',861,279,7,18,475),(927,'in consequat','erat nulla tempus',766,93,34,4,683),(928,'turpis enim','nulla sed accumsan felis ut at dolor quis',579,818,73,8,603),(929,'consequat','hac habitasse platea',99,798,42,5,208),(930,'velit nec nisi','facilisi cras non velit nec nisi vulputate nonummy maecenas',178,87,46,20,969),(931,'massa volutpat convallis','pellentesque ultrices phasellus id sapien in sapien iaculis',920,68,40,4,732),(932,'nibh fusce lacus','integer ac neque',356,296,10,3,213),(933,'natoque penatibus','morbi vestibulum velit id pretium iaculis',929,579,56,1,579),(934,'non mattis pulvinar','viverra eget congue eget semper',407,139,37,7,365),(935,'a','ipsum dolor sit amet consectetuer',217,506,57,1,3),(936,'volutpat quam pede','mattis odio donec vitae nisi nam ultrices libero non mattis',264,440,91,3,546),(937,'in lacus curabitur','integer non velit donec',944,310,37,17,648),(938,'congue risus','potenti in eleifend quam a odio in hac habitasse platea',357,464,63,8,221),(939,'viverra','placerat ante nulla justo aliquam quis turpis',843,636,49,13,964),(940,'quam','felis fusce posuere felis sed lacus morbi sem mauris',92,589,39,15,851),(941,'placerat praesent blandit','pede posuere nonummy',190,620,33,6,306),(942,'placerat','magna bibendum imperdiet nullam orci',549,217,16,8,838),(943,'volutpat','quis libero nullam sit',720,257,69,7,224),(944,'nec','praesent blandit nam nulla integer pede',536,434,37,10,765),(945,'libero nullam sit','non velit nec nisi vulputate',552,223,3,14,667),(946,'lobortis vel dapibus','mattis pulvinar nulla pede',785,851,87,1,917),(947,'felis sed interdum','neque aenean auctor gravida sem',634,892,40,4,584),(948,'eu orci mauris','accumsan tellus nisi',11,711,55,18,213),(949,'non quam nec','ac neque duis bibendum morbi non quam nec',76,315,78,1,576),(950,'orci vehicula condimentum','arcu libero rutrum ac lobortis vel dapibus',582,680,75,16,914),(951,'ligula','tincidunt ante vel ipsum praesent blandit',582,128,80,14,413),(952,'odio consequat varius','a odio in hac habitasse platea',478,483,9,20,718),(953,'morbi','magna at nunc commodo',468,879,92,4,602),(954,'eu magna','eu est congue',989,236,64,5,575),(955,'posuere metus vitae','pellentesque volutpat dui maecenas tristique est et tempus',532,752,66,16,365),(956,'in','risus auctor sed tristique in',485,258,21,5,791),(957,'odio donec','ac leo pellentesque ultrices mattis odio donec vitae nisi',43,43,33,17,729),(958,'ante','aliquet pulvinar sed nisl',113,30,21,6,104),(959,'eros elementum pellentesque','faucibus orci luctus et',511,570,74,19,423),(960,'mauris morbi','tortor id nulla ultrices aliquet maecenas leo odio',702,863,86,13,42),(961,'libero rutrum ac','in tempus sit amet sem fusce consequat',742,774,73,5,938),(962,'felis eu','dui maecenas tristique est et tempus semper est',672,414,61,14,29),(963,'ultrices mattis odio','at vulputate vitae nisl aenean lectus pellentesque eget nunc donec',471,113,10,9,522),(964,'quis justo maecenas','faucibus cursus urna ut tellus nulla ut erat',987,184,26,18,61),(965,'et','vel pede morbi porttitor lorem id ligula',NULL,427,95,17,429),(966,'lectus suspendisse','curabitur in libero ut massa',NULL,864,42,14,295),(967,'nam nulla integer','eget orci vehicula condimentum curabitur in libero ut',516,412,6,10,412),(968,'accumsan tortor','nam congue risus',NULL,573,53,4,636),(969,'nisi nam ultrices','posuere cubilia curae nulla dapibus',740,957,5,15,357),(970,'luctus','gravida nisi at nibh in hac habitasse platea',740,978,100,18,855),(971,'in blandit ultrices','augue vestibulum ante ipsum primis in faucibus',33,63,49,10,857),(972,'libero rutrum','posuere cubilia curae mauris viverra diam vitae quam suspendisse potenti',463,463,29,11,379),(973,'montes nascetur','consequat dui nec nisi volutpat eleifend donec ut dolor morbi',627,381,100,13,349),(974,'rutrum neque aenean','diam neque vestibulum eget vulputate ut ultrices vel augue vestibulum',37,475,5,9,435),(975,'libero','tortor risus dapibus augue vel accumsan',56,648,41,10,15),(976,'sapien ut nunc','et commodo vulputate',982,612,62,17,710),(977,'in libero','lectus vestibulum quam sapien varius ut blandit non interdum',645,233,68,4,124),(978,'morbi non quam','diam erat fermentum justo nec condimentum neque sapien placerat',363,279,1,9,516),(979,'mi','id nisl venenatis lacinia aenean sit amet justo morbi ut',678,176,50,4,158),(980,'vitae consectetuer eget','blandit lacinia erat vestibulum sed magna at',NULL,45,25,11,302),(981,'justo eu','hac habitasse platea dictumst maecenas ut massa quis augue',357,147,78,4,114),(982,'pede','sit amet cursus',NULL,987,65,12,301),(983,'dapibus nulla','luctus et ultrices posuere cubilia',789,269,81,5,166),(984,'morbi sem','ligula in lacus curabitur at ipsum ac tellus',715,692,88,6,700),(985,'metus','consectetuer adipiscing elit proin interdum mauris non ligula pellentesque',NULL,493,2,16,795),(986,'et eros','nulla facilisi cras non',741,701,39,9,629),(987,'ipsum ac tellus','egestas metus aenean fermentum donec ut mauris',613,330,98,17,521),(988,'est lacinia nisi','volutpat quam pede lobortis ligula sit amet',717,481,77,4,527),(989,'ut','nec dui luctus rutrum nulla tellus in sagittis',621,333,94,3,272),(990,'mattis nibh','libero nam dui proin leo',646,98,44,2,612),(991,'vivamus tortor duis','sit amet sapien dignissim vestibulum vestibulum ante ipsum',83,496,84,8,877),(992,'mauris laoreet ut','lacinia aenean sit',119,874,74,19,728),(993,'at dolor quis','et ultrices posuere cubilia curae',831,707,12,6,227),(994,'et ultrices posuere','purus phasellus in felis donec semper sapien a libero',944,133,2,15,71),(995,'eu','maecenas pulvinar lobortis est phasellus sit',2,731,91,15,954),(996,'donec diam neque','imperdiet sapien urna pretium nisl ut volutpat sapien',374,121,96,9,742),(997,'sed lacus','dolor sit amet consectetuer',84,525,23,12,513),(998,'id','nulla dapibus dolor vel est donec',939,252,49,17,412),(999,'augue','vestibulum sagittis sapien',706,351,42,18,674),(1000,'ultrices libero','pretium iaculis justo in hac habitasse platea dictumst etiam faucibus',755,567,49,16,597);
/*!40000 ALTER TABLE `items` ENABLE KEYS */;
UNLOCK TABLES;

--
-- Table structure for table `items_to_character_classes`
--

DROP TABLE IF EXISTS `items_to_character_classes`;
/*!40101 SET @saved_cs_client     = @@character_set_client */;
/*!50503 SET character_set_client = utf8mb4 */;
CREATE TABLE `items_to_character_classes` (
  `item_id` int unsigned NOT NULL,
  `class_id` int unsigned NOT NULL,
  PRIMARY KEY (`item_id`,`class_id`),
  KEY `item_id_idx` (`item_id`),
  KEY `class_id_idx` (`class_id`),
  CONSTRAINT `class_id_i` FOREIGN KEY (`class_id`) REFERENCES `character_classes` (`id`) ON DELETE RESTRICT ON UPDATE CASCADE,
  CONSTRAINT `item_id_c` FOREIGN KEY (`item_id`) REFERENCES `items` (`id`) ON DELETE RESTRICT ON UPDATE CASCADE
) ENGINE=InnoDB DEFAULT CHARSET=utf8;
/*!40101 SET character_set_client = @saved_cs_client */;

--
-- Dumping data for table `items_to_character_classes`
--

LOCK TABLES `items_to_character_classes` WRITE;
/*!40000 ALTER TABLE `items_to_character_classes` DISABLE KEYS */;
INSERT INTO `items_to_character_classes` VALUES (5,10),(9,6),(12,7),(16,8),(18,7),(25,9),(31,7),(35,4),(43,5),(51,4),(52,2),(58,10),(59,10),(62,9),(66,3),(76,5),(78,10),(80,5),(82,6),(83,1),(90,9),(98,8),(98,10),(106,7),(111,9),(111,10),(116,8),(116,9),(122,1),(124,3),(127,4),(137,5),(137,6),(141,6),(142,1),(151,9),(161,7),(162,8),(164,7),(165,2),(167,6),(170,8),(171,3),(172,6),(177,2),(178,7),(181,2),(191,2),(195,8),(206,2),(210,8),(224,7),(229,7),(230,1),(230,2),(232,3),(234,3),(239,8),(245,8),(256,10),(261,9),(264,4),(268,9),(268,10),(269,2),(274,7),(274,8),(278,3),(283,6),(284,3),(290,7),(290,9),(291,9),(291,10),(292,6),(293,1),(293,6),(300,8),(309,3),(312,5),(313,6),(315,8),(316,6),(316,7),(317,9),(325,9),(327,10),(330,3),(330,8),(349,6),(351,5),(358,9),(359,3),(366,2),(370,10),(373,9),(375,4),(375,6),(380,7),(381,2),(382,5),(393,4),(393,10),(400,7),(401,9),(403,9),(408,9),(411,6),(412,4),(413,4),(414,3),(416,5),(420,3),(427,7),(428,10),(431,5),(432,5),(435,9),(436,2),(437,1),(441,10),(444,9),(447,8),(453,4),(453,10),(455,9),(459,7),(472,3),(472,4),(475,2),(476,5),(479,7),(482,1),(483,4),(483,9),(488,5),(490,7),(492,9),(498,8),(503,9),(504,3),(507,10),(513,5),(514,5),(521,7),(522,3),(522,7),(526,4),(530,1),(530,3),(536,8),(538,4),(543,2),(548,2),(552,6),(554,2),(554,5),(555,3),(558,2),(565,10),(571,6),(572,7),(575,3),(582,7),(589,6),(591,7),(603,6),(609,10),(612,5),(621,10),(622,9),(631,9),(633,10),(636,9),(638,6),(639,6),(642,8),(645,6),(646,5),(649,5),(653,6),(655,4),(656,1),(656,2),(657,9),(658,2),(661,5),(667,6),(672,4),(675,1),(679,10),(682,7),(685,1),(686,4),(686,6),(688,4),(690,2),(692,5),(692,10),(695,5),(697,9),(698,9),(701,5),(703,7),(703,10),(706,1),(707,3),(716,5),(718,7),(725,10),(726,2),(728,6),(730,6),(735,7),(736,6),(741,6),(744,10),(745,8),(747,5),(748,10),(753,2),(756,10),(758,9),(758,10),(763,2),(765,9),(766,3),(767,2),(767,4),(773,1),(776,9),(777,10),(786,9),(791,6),(792,9),(802,1),(802,6),(807,4),(807,7),(815,8),(817,4),(819,1),(821,8),(823,9),(824,8),(828,10),(839,4),(848,4),(848,6),(853,1),(853,3),(856,4),(857,3),(858,10),(864,1),(865,10),(868,10),(870,10),(872,5),(877,6),(902,1),(905,6),(906,6),(909,7),(913,1),(915,7),(916,5),(922,4),(923,1),(923,8),(924,5),(926,10),(930,7),(932,4),(937,8),(948,6),(948,9),(949,4),(949,10),(950,3),(950,6),(951,2),(955,10),(956,4),(960,8),(969,7),(971,4),(971,7),(974,6),(982,6),(985,6),(986,6),(988,4),(989,9),(992,6),(993,7),(996,6);
/*!40000 ALTER TABLE `items_to_character_classes` ENABLE KEYS */;
UNLOCK TABLES;

--
-- Table structure for table `items_to_damage_types`
--

DROP TABLE IF EXISTS `items_to_damage_types`;
/*!40101 SET @saved_cs_client     = @@character_set_client */;
/*!50503 SET character_set_client = utf8mb4 */;
CREATE TABLE `items_to_damage_types` (
  `item_id` int unsigned NOT NULL,
  `damage_type_id` int unsigned NOT NULL,
  `value` int unsigned NOT NULL,
  PRIMARY KEY (`item_id`,`damage_type_id`),
  KEY `item_id_idx` (`item_id`),
  KEY `damage_type_idx` (`damage_type_id`),
  CONSTRAINT `damage_type_id_i` FOREIGN KEY (`damage_type_id`) REFERENCES `damage_types` (`id`) ON DELETE RESTRICT ON UPDATE CASCADE,
  CONSTRAINT `item_id_dm` FOREIGN KEY (`item_id`) REFERENCES `items` (`id`) ON DELETE RESTRICT ON UPDATE CASCADE
) ENGINE=InnoDB DEFAULT CHARSET=utf8;
/*!40101 SET character_set_client = @saved_cs_client */;

--
-- Dumping data for table `items_to_damage_types`
--

LOCK TABLES `items_to_damage_types` WRITE;
/*!40000 ALTER TABLE `items_to_damage_types` DISABLE KEYS */;
INSERT INTO `items_to_damage_types` VALUES (1,8,49798),(8,6,71044),(12,7,23729),(12,10,21271),(13,7,494),(17,1,44357),(21,5,82282),(24,7,74379),(25,3,97009),(33,2,57243),(36,1,94802),(38,9,46088),(40,7,36433),(43,10,37473),(47,2,58691),(52,4,4363),(52,7,40926),(54,1,87461),(54,4,97755),(55,10,74983),(61,7,84172),(63,5,63385),(71,4,10385),(84,7,82954),(84,9,29677),(87,8,41444),(87,10,24246),(91,5,26945),(94,5,76547),(95,10,97622),(99,7,83650),(102,4,44639),(107,2,94831),(110,9,3491),(111,3,64109),(112,10,33633),(119,4,49416),(122,6,50137),(122,9,24912),(123,6,48564),(126,4,48891),(129,9,24424),(130,4,44647),(133,1,78408),(135,7,33571),(139,3,72597),(141,9,54614),(151,6,70),(155,8,47563),(158,7,78948),(160,4,11887),(160,8,63882),(166,3,97970),(170,3,14804),(170,7,98922),(170,8,46162),(189,5,2950),(191,6,75618),(194,9,71049),(195,5,80756),(207,9,10931),(208,7,4441),(211,7,16882),(212,4,82024),(215,8,3328),(222,5,2664),(226,3,32875),(226,4,41929),(232,1,73982),(247,10,30122),(255,8,40103),(257,6,38939),(259,4,75917),(259,8,83926),(260,1,35094),(264,5,34222),(269,8,87858),(270,10,34902),(272,5,87670),(273,2,80564),(275,6,94226),(276,3,23704),(281,8,75672),(285,5,43760),(301,1,63423),(307,6,61922),(313,6,48775),(325,1,66442),(325,7,73947),(334,4,15636),(335,5,33566),(338,3,61020),(340,4,23936),(341,6,90422),(349,3,56913),(349,9,16646),(350,3,65276),(355,10,16551),(356,9,57724),(379,8,74621),(381,3,92111),(381,4,94867),(383,2,80404),(384,5,11489),(387,1,6851),(394,3,86725),(394,5,9531),(397,9,18165),(397,10,12811),(399,6,84146),(400,8,61722),(406,9,43650),(411,5,61503),(412,3,80213),(415,6,11903),(417,4,17675),(419,8,69507),(421,2,97601),(421,7,89869),(424,1,70981),(428,10,96894),(436,5,34708),(436,9,48107),(437,9,98592),(438,9,1435),(441,1,22730),(446,9,45065),(449,6,77986),(454,5,71547),(454,7,68327),(467,10,22680),(468,5,4910),(476,8,8064),(478,7,61909),(480,5,55687),(480,10,25505),(489,5,41516),(499,3,89232),(501,3,36785),(501,9,31818),(505,9,18607),(506,2,1410),(512,9,38180),(517,5,65554),(522,4,57795),(522,5,14784),(527,5,31590),(531,8,26962),(533,1,62979),(539,8,60925),(546,4,23812),(547,7,9999),(550,5,86571),(552,3,72646),(552,9,12380),(558,10,16590),(560,1,33488),(560,5,74053),(560,8,41338),(566,4,2608),(567,6,67047),(569,10,72336),(573,10,18773),(579,1,81664),(579,2,10297),(581,1,79961),(582,9,45684),(586,3,16127),(588,9,49122),(589,3,1230),(591,6,90918),(593,3,5931),(595,1,5011),(600,3,62907),(602,4,63865),(602,8,96570),(609,7,10588),(613,7,66379),(615,10,11054),(620,3,84380),(626,1,50275),(630,1,68889),(632,6,97764),(632,8,16961),(639,6,35707),(641,4,57224),(642,1,71186),(642,2,76805),(648,8,22536),(649,6,35150),(651,9,15392),(655,3,9073),(658,9,46823),(659,4,53505),(662,2,82866),(665,10,67238),(668,5,16901),(674,4,30156),(676,9,96057),(680,2,74607),(680,6,99632),(682,5,92028),(690,9,98748),(692,5,72144),(695,4,62712),(696,10,27668),(698,3,99800),(701,8,28820),(702,10,87048),(704,1,47683),(704,6,93616),(712,4,79338),(715,3,25299),(716,3,92275),(716,7,81840),(716,8,45589),(717,3,81267),(717,6,75333),(720,7,2697),(723,3,83132),(725,3,24644),(728,4,84278),(729,5,56206),(734,10,86722),(736,3,36932),(738,4,16685),(743,9,68027),(748,10,60416),(749,8,66962),(756,2,59833),(760,1,1148),(761,5,35516),(764,1,51741),(764,8,4335),(767,5,59704),(769,5,94315),(775,4,60873),(776,2,86842),(777,4,73793),(779,3,75431),(781,2,56394),(783,3,79644),(796,1,23176),(799,5,34206),(803,8,63712),(807,8,83678),(810,5,16202),(813,10,75334),(816,9,51768),(822,2,19528),(824,5,16962),(827,4,85992),(832,1,41406),(835,9,53064),(838,6,28649),(839,5,24011),(842,5,34349),(852,2,48765),(856,1,14557),(858,1,67130),(858,4,61829),(863,7,22894),(876,1,49335),(878,6,8702),(879,10,87831),(881,5,87997),(885,9,5141),(888,1,43997),(889,6,32088),(897,10,10090),(899,2,28650),(900,3,32315),(902,10,77855),(914,1,71920),(919,3,69326),(921,9,96213),(922,1,30918),(923,2,58917),(928,9,26796),(944,10,36203),(945,2,78713),(945,9,87997),(949,3,5513),(950,2,14256),(951,6,10124),(951,7,89560),(952,9,44088),(958,5,80407),(960,7,59956),(961,4,78554),(965,3,67014),(966,7,97906),(967,3,49946),(972,2,11321),(973,5,56263),(991,6,93969);
/*!40000 ALTER TABLE `items_to_damage_types` ENABLE KEYS */;
UNLOCK TABLES;

--
-- Table structure for table `items_to_defense_types`
--

DROP TABLE IF EXISTS `items_to_defense_types`;
/*!40101 SET @saved_cs_client     = @@character_set_client */;
/*!50503 SET character_set_client = utf8mb4 */;
CREATE TABLE `items_to_defense_types` (
  `item_id` int unsigned NOT NULL,
  `defense_type_id` int unsigned NOT NULL,
  `value` int unsigned NOT NULL,
  PRIMARY KEY (`item_id`,`defense_type_id`),
  KEY `item_id_idx` (`item_id`),
  KEY `defense_type_id_idx` (`defense_type_id`),
  CONSTRAINT `defense_type_id_i` FOREIGN KEY (`defense_type_id`) REFERENCES `defense_types` (`id`) ON DELETE RESTRICT ON UPDATE CASCADE,
  CONSTRAINT `item_id_df` FOREIGN KEY (`item_id`) REFERENCES `items` (`id`) ON DELETE RESTRICT ON UPDATE CASCADE
) ENGINE=InnoDB DEFAULT CHARSET=utf8;
/*!40101 SET character_set_client = @saved_cs_client */;

--
-- Dumping data for table `items_to_defense_types`
--

LOCK TABLES `items_to_defense_types` WRITE;
/*!40000 ALTER TABLE `items_to_defense_types` DISABLE KEYS */;
INSERT INTO `items_to_defense_types` VALUES (1,9,70761),(14,1,47566),(25,3,33669),(27,1,34674),(27,2,62628),(28,8,30769),(31,5,28925),(32,1,39137),(33,5,75487),(37,10,58638),(42,1,85290),(46,1,59830),(47,10,16651),(48,5,39785),(50,8,14635),(51,9,8369),(55,9,82187),(55,10,91627),(57,2,93360),(68,3,73799),(74,4,10491),(74,9,84721),(77,5,66520),(81,1,9851),(81,4,19290),(86,7,73541),(91,8,73116),(94,1,31086),(96,9,77058),(98,4,77354),(99,5,88393),(106,1,17247),(107,1,49175),(116,2,79973),(121,7,64335),(122,4,15020),(123,6,91083),(127,8,93060),(131,6,81616),(132,8,41954),(136,8,5575),(137,4,59823),(140,8,19377),(144,3,6595),(147,9,68306),(147,10,89474),(149,1,15874),(151,9,97524),(154,1,20343),(162,8,89616),(163,1,12513),(170,8,32655),(171,9,70826),(181,10,74440),(184,2,48601),(186,5,30570),(191,1,37507),(193,1,39202),(193,6,8275),(195,6,9224),(197,8,73465),(199,5,17095),(200,7,13832),(204,5,934),(218,2,93641),(218,8,58124),(221,9,46245),(226,1,66464),(229,7,18292),(231,9,88809),(232,2,43049),(242,9,37667),(244,2,72791),(247,5,74995),(254,8,36955),(255,1,21712),(257,3,25343),(261,3,61382),(262,10,62227),(263,2,95081),(268,4,49508),(273,10,99984),(284,5,1265),(288,2,48166),(289,3,65620),(289,6,27429),(290,2,57463),(294,8,68580),(301,2,14335),(301,7,4612),(302,6,67310),(304,4,67160),(309,6,99607),(310,1,87435),(311,3,10890),(311,10,35508),(313,7,58169),(314,5,96279),(315,4,96790),(325,2,14980),(327,1,9321),(328,9,50686),(328,10,37039),(330,3,55715),(331,9,25848),(332,9,60822),(338,4,98580),(342,2,4761),(343,1,96923),(347,10,70824),(355,2,5539),(366,6,95618),(369,4,18904),(371,2,244),(371,6,16318),(376,8,32845),(376,9,59642),(389,1,9219),(389,6,19872),(392,1,37122),(392,10,20349),(395,8,68437),(396,9,19453),(397,4,35038),(400,4,93167),(403,1,80578),(408,3,52616),(408,7,18206),(413,2,65229),(415,7,45934),(416,2,70261),(419,1,89532),(419,6,81278),(425,1,82431),(430,6,130),(434,5,90249),(437,3,71365),(437,7,88463),(447,6,61524),(464,2,32945),(464,8,64951),(466,3,9673),(470,10,55481),(471,7,45102),(472,4,13033),(475,3,84626),(475,5,67291),(477,1,47937),(481,7,32771),(489,5,86013),(491,9,74721),(494,4,20996),(494,8,15839),(495,5,34697),(497,2,74167),(499,4,21685),(500,1,85910),(501,10,1093),(517,1,25613),(521,3,97259),(522,8,25080),(526,4,41653),(530,7,64678),(530,8,29336),(531,5,56885),(533,5,60771),(536,7,71654),(545,2,85560),(547,8,60250),(551,1,57886),(553,6,92417),(556,4,88337),(556,8,44657),(574,7,36596),(577,2,6360),(577,7,7086),(579,6,1934),(581,6,23757),(586,9,66330),(587,1,47065),(595,5,13899),(595,8,80348),(598,2,69334),(598,7,61444),(600,8,92417),(601,3,98230),(603,1,49320),(608,5,48602),(608,6,71866),(615,2,58027),(616,1,58314),(620,7,42746),(622,7,41516),(626,5,80598),(633,4,96041),(633,10,9883),(635,2,17914),(635,6,30084),(649,2,47891),(653,4,93705),(660,7,26313),(660,10,67865),(661,6,11418),(662,3,72707),(664,6,57593),(670,3,71593),(671,1,22801),(672,2,20519),(672,10,34123),(674,2,13243),(675,5,82198),(680,2,82266),(683,6,93598),(684,5,10055),(686,7,59709),(687,9,51051),(689,8,64990),(691,2,89272),(695,10,33165),(701,10,29623),(706,2,17653),(709,1,2322),(711,1,18671),(714,9,40827),(714,10,35965),(715,6,64978),(719,1,40468),(721,5,45414),(723,4,18063),(724,10,48998),(730,2,97252),(731,7,62541),(739,3,13998),(740,5,8060),(746,5,92738),(746,6,83422),(753,1,42383),(760,2,18179),(769,7,7947),(770,3,2267),(771,10,607),(775,7,15424),(775,9,28350),(776,5,43658),(777,2,33996),(785,2,61250),(787,5,62683),(789,6,71695),(794,9,63575),(800,2,80182),(800,9,54432),(801,1,41921),(802,6,54690),(803,9,964),(807,8,77612),(809,9,391),(813,10,62002),(819,7,5697),(824,3,60027),(824,7,6132),(826,7,18005),(827,9,68928),(833,3,12793),(842,6,76728),(846,3,49044),(847,8,85400),(851,10,85425),(853,8,55539),(854,5,79613),(855,8,18887),(857,3,3567),(859,7,43847),(860,5,52411),(860,10,60005),(866,10,63537),(871,3,14603),(872,9,75697),(877,5,88294),(880,2,6906),(882,2,69388),(888,5,35413),(894,2,68960),(895,2,6143),(901,2,50640),(908,4,29868),(908,10,7459),(922,4,94188),(925,9,76432),(926,2,43064),(936,4,22932),(942,6,92797),(944,6,42523),(956,7,27322),(959,6,31413),(965,7,75986),(967,8,64100),(971,9,52619),(977,3,53716),(985,1,76113);
/*!40000 ALTER TABLE `items_to_defense_types` ENABLE KEYS */;
UNLOCK TABLES;

--
-- Table structure for table `items_to_effects`
--

DROP TABLE IF EXISTS `items_to_effects`;
/*!40101 SET @saved_cs_client     = @@character_set_client */;
/*!50503 SET character_set_client = utf8mb4 */;
CREATE TABLE `items_to_effects` (
  `item_id` int unsigned NOT NULL,
  `effect_id` int unsigned NOT NULL,
  `duration` int unsigned NOT NULL DEFAULT '1',
  PRIMARY KEY (`item_id`,`effect_id`),
  KEY `item_id_idx` (`item_id`),
  KEY `effect_id_idx` (`effect_id`),
  KEY `effect_duation` (`duration`),
  CONSTRAINT `effect_id_i` FOREIGN KEY (`effect_id`) REFERENCES `effects` (`id`) ON DELETE RESTRICT ON UPDATE CASCADE,
  CONSTRAINT `item_id_e` FOREIGN KEY (`item_id`) REFERENCES `items` (`id`) ON DELETE RESTRICT ON UPDATE CASCADE
) ENGINE=InnoDB DEFAULT CHARSET=utf8;
/*!40101 SET character_set_client = @saved_cs_client */;

--
-- Dumping data for table `items_to_effects`
--

LOCK TABLES `items_to_effects` WRITE;
/*!40000 ALTER TABLE `items_to_effects` DISABLE KEYS */;
INSERT INTO `items_to_effects` VALUES (435,41,181),(663,4,237),(39,40,486),(865,68,4220),(291,68,4951),(675,79,5305),(780,8,6387),(766,44,7085),(439,39,7616),(198,30,8144),(76,39,9295),(886,78,9492),(780,22,11316),(513,83,13181),(41,93,13239),(457,85,14528),(882,89,14610),(356,10,16026),(585,63,16195),(783,68,16500),(170,85,16987),(132,24,17510),(506,13,19369),(131,19,19906),(971,69,20696),(162,73,21468),(470,14,21505),(59,86,22001),(630,55,23160),(152,30,24139),(381,94,24919),(23,31,25854),(740,59,26125),(189,99,27019),(575,51,28372),(754,56,28591),(80,16,28736),(133,16,28900),(849,35,29771),(346,48,31516),(239,54,31726),(331,4,32101),(964,33,32693),(116,14,32919),(103,14,34704),(546,28,34769),(102,61,34929),(363,50,35817),(175,17,36311),(42,35,36528),(403,51,36562),(445,67,36768),(994,57,37557),(508,81,37680),(242,33,38584),(594,67,39121),(268,10,39969),(966,38,40532),(126,83,40584),(985,22,40885),(923,80,42164),(900,22,42664),(140,2,42836),(792,54,45408),(950,85,45498),(648,88,45860),(221,40,45973),(127,86,46009),(218,55,46369),(131,15,46455),(307,85,48096),(957,35,48275),(326,32,51120),(823,23,51939),(341,12,52959),(369,18,55027),(211,78,56839),(228,75,56961),(174,36,57127),(993,47,58173),(771,24,59458),(758,14,59497),(890,85,60052),(294,75,60590),(599,60,60641),(260,35,61047),(773,68,61547),(114,5,61830),(51,77,63695),(398,55,65066),(785,7,65427),(628,10,65630),(552,68,66513),(201,30,66740),(626,34,68750),(887,54,68928),(872,93,69398),(588,97,69609),(24,77,69630),(995,60,69827),(888,24,70242),(875,74,71757),(446,98,72473),(37,38,72610),(754,79,72920),(98,11,73951),(31,15,74018),(37,46,74402),(975,12,74448),(591,34,75090),(58,78,75297),(785,99,76694),(847,48,77736),(718,33,78441),(432,41,79264),(165,28,79561),(479,9,80425),(774,80,82172),(26,21,82487),(408,86,82778),(893,86,83184),(785,90,83800),(513,4,84248),(410,84,85039),(943,48,85707),(891,54,87849),(27,79,88786),(510,39,89075),(768,37,89094),(434,20,89929),(105,3,90898),(710,30,91290),(729,14,92278),(492,40,92967),(959,42,94376),(1,48,94478),(756,4,94538),(113,96,95452),(139,52,95656),(531,66,95845),(631,70,96455),(603,3,96526),(857,26,96620),(421,35,97483),(86,37,97935),(615,22,98301),(434,69,98789),(734,86,98898),(282,26,99027),(312,7,99672);
/*!40000 ALTER TABLE `items_to_effects` ENABLE KEYS */;
UNLOCK TABLES;

--
-- Table structure for table `rarities`
--

DROP TABLE IF EXISTS `rarities`;
/*!40101 SET @saved_cs_client     = @@character_set_client */;
/*!50503 SET character_set_client = utf8mb4 */;
CREATE TABLE `rarities` (
  `id` int unsigned NOT NULL AUTO_INCREMENT,
  `color` int NOT NULL,
  `name` varchar(255) NOT NULL,
  PRIMARY KEY (`id`),
  KEY `rarity_name` (`name`)
) ENGINE=InnoDB AUTO_INCREMENT=101 DEFAULT CHARSET=utf8;
/*!40101 SET character_set_client = @saved_cs_client */;

--
-- Dumping data for table `rarities`
--

LOCK TABLES `rarities` WRITE;
/*!40000 ALTER TABLE `rarities` DISABLE KEYS */;
INSERT INTO `rarities` VALUES (1,1913295,'est donec'),(2,7448927,'vestibulum'),(3,101199,'luctus tincidunt nulla'),(4,4118711,'quis tortor'),(5,1884157,'imperdiet et'),(6,6642891,'integer'),(7,6261000,'vel est donec'),(8,9156632,'fusce congue'),(9,2900606,'hendrerit at'),(10,6650818,'sagittis sapien cum'),(11,5598601,'vitae quam'),(12,7912960,'non'),(13,1251440,'lobortis convallis tortor'),(14,5453910,'aliquet maecenas'),(15,8747858,'et ultrices'),(16,1970487,'platea dictumst'),(17,9753771,'suscipit a'),(18,4602130,'duis faucibus'),(19,6439104,'imperdiet'),(20,2546157,'mauris lacinia'),(21,2786244,'ipsum primis in'),(22,555721,'in'),(23,2086044,'hac habitasse platea'),(24,8814867,'consequat varius integer'),(25,565949,'bibendum morbi'),(26,7668991,'lectus in'),(27,3300679,'vel nisl'),(28,5816852,'vestibulum'),(29,8361968,'elit'),(30,9795366,'dictumst'),(31,1759464,'nonummy'),(32,7462268,'porttitor pede justo'),(33,3434425,'in faucibus orci'),(34,5744388,'tincidunt ante'),(35,5497005,'pede'),(36,7219977,'massa'),(37,4696370,'id'),(38,6420174,'tempor'),(39,4645312,'ut'),(40,2158658,'fusce posuere'),(41,2552911,'vitae'),(42,5763432,'vel nulla eget'),(43,6241884,'sodales scelerisque mauris'),(44,9027428,'curabitur at'),(45,6917392,'etiam pretium iaculis'),(46,7925568,'sit amet'),(47,1286561,'in hac'),(48,1909682,'nascetur ridiculus'),(49,1300949,'habitasse platea'),(50,8159774,'sit amet consectetuer'),(51,1421364,'magna vulputate'),(52,8645294,'integer ac leo'),(53,5638249,'eros elementum pellentesque'),(54,4989713,'eu'),(55,1448056,'integer ac'),(56,4879833,'diam'),(57,4051770,'placerat ante'),(58,9865964,'luctus'),(59,7862532,'turpis donec posuere'),(60,1677798,'neque'),(61,2129947,'mus etiam'),(62,4129855,'arcu adipiscing molestie'),(63,5971648,'libero nam dui'),(64,5313450,'odio'),(65,783626,'vel accumsan'),(66,7679007,'venenatis'),(67,5807092,'in tempus sit'),(68,2218721,'felis'),(69,8808519,'luctus ultricies'),(70,4763134,'morbi quis tortor'),(71,417806,'lorem ipsum dolor'),(72,2538765,'nisi'),(73,8197641,'varius integer'),(74,6918722,'quisque'),(75,122365,'enim lorem'),(76,3077627,'ligula'),(77,5922225,'tincidunt'),(78,9973075,'amet'),(79,2210450,'donec posuere'),(80,4489304,'vel'),(81,4807871,'magna'),(82,4740848,'nonummy maecenas'),(83,3442694,'quam sollicitudin'),(84,4890996,'sed vestibulum'),(85,7817376,'lectus'),(86,4767261,'leo rhoncus sed'),(87,6995962,'lectus vestibulum'),(88,6219938,'duis aliquam convallis'),(89,6248558,'duis'),(90,659107,'vestibulum'),(91,1268950,'morbi ut'),(92,4313981,'amet eleifend'),(93,3626989,'velit'),(94,9424686,'cum sociis natoque'),(95,7584723,'venenatis non sodales'),(96,9432088,'lacus'),(97,1785948,'aliquam convallis'),(98,8182001,'varius'),(99,6881373,'sed nisl'),(100,7026220,'vestibulum ac');
/*!40000 ALTER TABLE `rarities` ENABLE KEYS */;
UNLOCK TABLES;

--
-- Table structure for table `recipes`
--

DROP TABLE IF EXISTS `recipes`;
/*!40101 SET @saved_cs_client     = @@character_set_client */;
/*!50503 SET character_set_client = utf8mb4 */;
CREATE TABLE `recipes` (
  `id` int unsigned NOT NULL AUTO_INCREMENT,
  `product_id` int unsigned NOT NULL,
  `product_amount` int unsigned NOT NULL DEFAULT '1',
  PRIMARY KEY (`id`),
  KEY `item_id_idx` (`product_id`),
  CONSTRAINT `item_id_pr` FOREIGN KEY (`product_id`) REFERENCES `items` (`id`) ON DELETE RESTRICT ON UPDATE CASCADE
) ENGINE=InnoDB AUTO_INCREMENT=701 DEFAULT CHARSET=utf8;
/*!40101 SET character_set_client = @saved_cs_client */;

--
-- Dumping data for table `recipes`
--

LOCK TABLES `recipes` WRITE;
/*!40000 ALTER TABLE `recipes` DISABLE KEYS */;
INSERT INTO `recipes` VALUES (1,829,16),(2,386,742),(3,993,398),(4,313,280),(5,452,797),(6,850,732),(7,376,613),(8,144,779),(9,66,934),(10,36,233),(11,251,881),(12,481,231),(13,263,509),(14,666,925),(15,23,437),(16,885,519),(17,481,364),(18,874,369),(19,870,872),(20,728,664),(21,572,759),(22,957,128),(23,107,945),(24,806,749),(25,765,627),(26,752,820),(27,881,869),(28,254,465),(29,832,358),(30,517,340),(31,501,968),(32,987,509),(33,220,469),(34,159,894),(35,478,915),(36,860,571),(37,296,278),(38,726,51),(39,883,628),(40,997,701),(41,318,250),(42,428,243),(43,270,674),(44,964,156),(45,190,341),(46,801,431),(47,955,439),(48,300,748),(49,703,311),(50,576,706),(51,525,679),(52,518,942),(53,737,346),(54,201,635),(55,497,299),(56,577,499),(57,220,337),(58,539,366),(59,587,488),(60,650,420),(61,895,331),(62,144,10),(63,625,621),(64,242,429),(65,147,758),(66,576,168),(67,605,310),(68,847,836),(69,540,254),(70,600,237),(71,944,966),(72,440,940),(73,926,614),(74,109,289),(75,60,764),(76,768,397),(77,76,533),(78,587,173),(79,482,208),(80,491,900),(81,73,53),(82,808,921),(83,444,980),(84,403,704),(85,15,227),(86,107,657),(87,997,591),(88,545,138),(89,812,704),(90,373,368),(91,757,701),(92,527,309),(93,516,359),(94,420,866),(95,910,397),(96,48,704),(97,283,304),(98,55,284),(99,612,875),(100,724,110),(101,499,705),(102,720,905),(103,233,960),(104,393,60),(105,300,720),(106,812,878),(107,221,928),(108,122,976),(109,382,578),(110,919,426),(111,377,806),(112,782,562),(113,960,338),(114,136,222),(115,487,679),(116,250,924),(117,505,662),(118,807,580),(119,954,926),(120,16,741),(121,104,636),(122,136,216),(123,190,974),(124,597,608),(125,732,100),(126,612,220),(127,301,762),(128,114,545),(129,181,343),(130,358,534),(131,438,734),(132,249,678),(133,305,967),(134,261,379),(135,115,112),(136,379,491),(137,342,90),(138,9,1),(139,902,815),(140,153,776),(141,614,891),(142,633,61),(143,819,361),(144,231,41),(145,231,197),(146,645,552),(147,811,168),(148,766,626),(149,998,386),(150,591,808),(151,259,869),(152,96,566),(153,167,548),(154,304,702),(155,547,741),(156,302,39),(157,79,275),(158,527,305),(159,373,793),(160,968,899),(161,708,861),(162,460,708),(163,893,883),(164,832,567),(165,415,600),(166,469,161),(167,539,720),(168,764,182),(169,935,152),(170,345,570),(171,74,859),(172,801,464),(173,125,151),(174,577,263),(175,579,394),(176,846,447),(177,467,338),(178,295,372),(179,544,396),(180,328,552),(181,42,366),(182,891,57),(183,569,422),(184,912,986),(185,637,67),(186,178,701),(187,118,941),(188,688,152),(189,196,548),(190,781,880),(191,628,706),(192,999,210),(193,381,808),(194,569,693),(195,970,880),(196,870,820),(197,636,590),(198,461,477),(199,372,395),(200,671,313),(201,554,625),(202,638,406),(203,760,918),(204,647,703),(205,895,913),(206,808,731),(207,548,710),(208,17,382),(209,421,577),(210,864,786),(211,452,357),(212,343,7),(213,499,370),(214,621,309),(215,457,580),(216,416,386),(217,506,8),(218,457,316),(219,798,76),(220,795,680),(221,66,116),(222,896,416),(223,823,19),(224,916,97),(225,886,851),(226,73,868),(227,688,471),(228,787,618),(229,164,618),(230,959,441),(231,653,739),(232,478,33),(233,87,841),(234,711,736),(235,470,191),(236,499,818),(237,216,781),(238,800,500),(239,60,435),(240,732,562),(241,568,775),(242,864,319),(243,92,208),(244,574,218),(245,492,99),(246,508,212),(247,454,452),(248,711,108),(249,428,624),(250,527,396),(251,188,423),(252,122,27),(253,172,30),(254,370,441),(255,869,903),(256,311,240),(257,273,819),(258,938,465),(259,45,229),(260,345,56),(261,478,909),(262,187,143),(263,787,914),(264,403,91),(265,833,745),(266,382,748),(267,49,283),(268,641,693),(269,17,824),(270,810,201),(271,4,510),(272,529,71),(273,210,63),(274,452,80),(275,340,806),(276,753,374),(277,450,308),(278,765,555),(279,795,65),(280,324,322),(281,239,211),(282,35,302),(283,564,198),(284,144,766),(285,381,386),(286,781,385),(287,58,132),(288,790,923),(289,808,717),(290,190,681),(291,107,427),(292,462,529),(293,46,750),(294,190,35),(295,614,294),(296,702,472),(297,14,255),(298,624,45),(299,451,469),(300,184,938),(301,532,198),(302,608,382),(303,65,712),(304,869,759),(305,617,235),(306,426,175),(307,483,656),(308,505,94),(309,107,101),(310,620,292),(311,563,227),(312,585,187),(313,86,237),(314,317,255),(315,344,263),(316,990,321),(317,193,453),(318,364,887),(319,751,791),(320,846,906),(321,971,40),(322,418,901),(323,47,913),(324,677,964),(325,346,23),(326,189,641),(327,216,380),(328,42,463),(329,276,742),(330,260,932),(331,457,367),(332,217,347),(333,678,492),(334,408,59),(335,402,912),(336,169,674),(337,722,7),(338,182,647),(339,903,837),(340,690,501),(341,274,815),(342,545,984),(343,645,875),(344,22,283),(345,418,424),(346,643,852),(347,292,546),(348,528,585),(349,653,746),(350,682,571),(351,646,335),(352,157,368),(353,194,829),(354,141,93),(355,234,15),(356,645,629),(357,700,728),(358,70,989),(359,136,295),(360,776,747),(361,519,607),(362,912,691),(363,262,605),(364,430,764),(365,492,387),(366,422,76),(367,438,842),(368,99,625),(369,832,585),(370,506,333),(371,613,712),(372,903,154),(373,216,869),(374,836,970),(375,397,945),(376,514,512),(377,965,628),(378,881,826),(379,686,868),(380,278,319),(381,411,876),(382,478,982),(383,284,328),(384,791,500),(385,237,649),(386,150,167),(387,115,851),(388,501,656),(389,136,683),(390,1000,909),(391,351,650),(392,70,766),(393,496,272),(394,305,274),(395,593,645),(396,500,366),(397,864,294),(398,880,852),(399,62,220),(400,703,601),(401,938,726),(402,879,765),(403,172,319),(404,542,418),(405,782,648),(406,524,930),(407,310,183),(408,541,164),(409,953,792),(410,564,628),(411,368,621),(412,810,830),(413,132,137),(414,532,936),(415,636,430),(416,803,562),(417,264,307),(418,678,303),(419,908,410),(420,167,65),(421,901,960),(422,93,122),(423,944,368),(424,607,45),(425,945,994),(426,694,169),(427,742,285),(428,191,445),(429,566,39),(430,164,768),(431,29,381),(432,384,286),(433,914,138),(434,431,44),(435,45,868),(436,666,980),(437,318,378),(438,701,797),(439,206,817),(440,335,363),(441,363,661),(442,413,268),(443,124,938),(444,182,848),(445,768,969),(446,81,781),(447,240,216),(448,928,18),(449,945,549),(450,853,626),(451,168,159),(452,579,489),(453,83,247),(454,496,762),(455,385,315),(456,47,503),(457,245,79),(458,799,503),(459,924,844),(460,171,177),(461,228,288),(462,535,474),(463,812,852),(464,487,444),(465,964,35),(466,50,314),(467,846,163),(468,548,793),(469,152,817),(470,952,489),(471,307,165),(472,795,220),(473,644,496),(474,481,145),(475,32,816),(476,964,695),(477,520,575),(478,172,778),(479,249,249),(480,721,965),(481,438,638),(482,934,821),(483,739,262),(484,126,184),(485,648,958),(486,486,12),(487,426,177),(488,740,570),(489,722,756),(490,555,644),(491,801,436),(492,129,892),(493,80,847),(494,394,242),(495,718,89),(496,701,715),(497,761,827),(498,992,890),(499,334,309),(500,702,781),(501,466,471),(502,132,854),(503,752,653),(504,147,932),(505,211,989),(506,863,989),(507,173,811),(508,651,126),(509,604,234),(510,498,606),(511,915,884),(512,499,713),(513,301,251),(514,395,675),(515,176,422),(516,111,509),(517,841,945),(518,83,494),(519,31,219),(520,573,971),(521,112,622),(522,279,814),(523,129,356),(524,604,852),(525,24,867),(526,253,743),(527,180,623),(528,585,369),(529,108,936),(530,76,964),(531,722,625),(532,181,881),(533,945,937),(534,920,895),(535,936,26),(536,830,381),(537,290,243),(538,151,39),(539,537,595),(540,716,918),(541,194,969),(542,732,950),(543,819,124),(544,611,791),(545,230,601),(546,256,701),(547,281,174),(548,788,401),(549,882,368),(550,211,259),(551,207,106),(552,275,981),(553,114,702),(554,872,749),(555,795,113),(556,90,486),(557,724,652),(558,395,7),(559,30,321),(560,270,833),(561,775,953),(562,734,746),(563,723,638),(564,219,655),(565,158,322),(566,231,856),(567,129,459),(568,374,605),(569,734,518),(570,166,285),(571,961,221),(572,691,572),(573,806,342),(574,863,118),(575,261,518),(576,614,315),(577,756,10),(578,790,725),(579,212,81),(580,752,713),(581,445,17),(582,756,609),(583,719,116),(584,278,634),(585,596,280),(586,719,332),(587,959,677),(588,410,370),(589,319,89),(590,521,871),(591,331,58),(592,855,594),(593,445,790),(594,798,496),(595,248,929),(596,480,906),(597,378,821),(598,561,166),(599,277,193),(600,716,571),(601,631,663),(602,14,87),(603,549,693),(604,302,681),(605,82,65),(606,42,639),(607,791,339),(608,102,619),(609,493,105),(610,398,557),(611,505,181),(612,233,317),(613,38,369),(614,268,134),(615,763,168),(616,451,517),(617,866,297),(618,762,421),(619,589,440),(620,383,952),(621,980,999),(622,578,627),(623,930,76),(624,269,743),(625,364,876),(626,801,592),(627,976,76),(628,3,898),(629,620,55),(630,220,793),(631,445,450),(632,179,777),(633,479,464),(634,481,823),(635,951,409),(636,46,575),(637,768,358),(638,929,352),(639,638,593),(640,107,9),(641,982,94),(642,523,753),(643,75,121),(644,760,615),(645,942,507),(646,577,888),(647,834,429),(648,45,168),(649,474,512),(650,818,840),(651,837,496),(652,681,267),(653,657,743),(654,586,925),(655,402,574),(656,117,872),(657,692,52),(658,120,599),(659,295,208),(660,774,515),(661,103,708),(662,28,551),(663,357,643),(664,957,825),(665,504,589),(666,166,686),(667,487,912),(668,664,330),(669,289,592),(670,742,717),(671,356,944),(672,329,302),(673,253,844),(674,726,678),(675,622,738),(676,740,370),(677,527,981),(678,974,798),(679,564,90),(680,8,45),(681,128,919),(682,247,548),(683,954,258),(684,592,579),(685,120,551),(686,812,199),(687,596,807),(688,832,569),(689,153,45),(690,790,634),(691,867,427),(692,138,360),(693,97,95),(694,368,353),(695,951,838),(696,315,495),(697,2,110),(698,637,922),(699,166,552),(700,449,286);
/*!40000 ALTER TABLE `recipes` ENABLE KEYS */;
UNLOCK TABLES;

--
-- Table structure for table `recipes_to_ingredients`
--

DROP TABLE IF EXISTS `recipes_to_ingredients`;
/*!40101 SET @saved_cs_client     = @@character_set_client */;
/*!50503 SET character_set_client = utf8mb4 */;
CREATE TABLE `recipes_to_ingredients` (
  `id` int unsigned NOT NULL AUTO_INCREMENT,
  `recipe_id` int unsigned NOT NULL,
  `item_id` int unsigned NOT NULL,
  `amount` int unsigned NOT NULL,
  PRIMARY KEY (`id`),
  KEY `recipe_id_idx` (`recipe_id`),
  KEY `item_id_idx` (`item_id`),
  CONSTRAINT `item_id_r` FOREIGN KEY (`item_id`) REFERENCES `items` (`id`) ON DELETE RESTRICT ON UPDATE CASCADE,
  CONSTRAINT `recipe_id_i` FOREIGN KEY (`recipe_id`) REFERENCES `recipes` (`id`) ON DELETE RESTRICT ON UPDATE CASCADE
) ENGINE=InnoDB AUTO_INCREMENT=1001 DEFAULT CHARSET=utf8;
/*!40101 SET character_set_client = @saved_cs_client */;

--
-- Dumping data for table `recipes_to_ingredients`
--

LOCK TABLES `recipes_to_ingredients` WRITE;
/*!40000 ALTER TABLE `recipes_to_ingredients` DISABLE KEYS */;
INSERT INTO `recipes_to_ingredients` VALUES (1,486,490,788),(2,691,409,943),(3,450,814,10),(4,481,670,462),(5,688,929,482),(6,187,54,56),(7,336,984,23),(8,218,219,21),(9,183,252,913),(10,276,961,836),(11,223,13,905),(12,308,46,256),(13,291,417,285),(14,319,24,438),(15,609,888,586),(16,471,994,679),(17,21,197,186),(18,265,162,868),(19,102,418,725),(20,40,848,835),(21,572,841,481),(22,457,942,528),(23,300,103,545),(24,689,761,308),(25,286,436,198),(26,365,668,25),(27,114,735,513),(28,290,278,828),(29,40,972,712),(30,139,571,248),(31,120,375,324),(32,640,449,953),(33,562,595,615),(34,582,276,185),(35,592,356,172),(36,226,688,199),(37,193,718,31),(38,489,377,885),(39,205,378,326),(40,256,384,11),(41,161,235,446),(42,552,452,386),(43,598,706,496),(44,301,309,950),(45,401,703,827),(46,112,856,903),(47,467,212,56),(48,66,435,591),(49,85,428,66),(50,425,386,915),(51,565,60,702),(52,121,705,89),(53,9,59,900),(54,694,545,304),(55,589,352,408),(56,101,239,977),(57,81,373,296),(58,421,429,757),(59,80,16,978),(60,120,197,839),(61,610,672,280),(62,659,318,430),(63,88,127,470),(64,13,879,507),(65,319,105,764),(66,45,92,318),(67,554,753,672),(68,62,875,383),(69,200,942,621),(70,456,954,276),(71,468,833,475),(72,357,590,927),(73,465,77,437),(74,656,850,760),(75,300,814,323),(76,153,16,234),(77,288,402,73),(78,639,338,490),(79,80,513,19),(80,553,307,725),(81,547,457,538),(82,9,918,778),(83,185,603,598),(84,275,515,827),(85,425,585,180),(86,399,227,418),(87,474,114,887),(88,18,607,699),(89,356,946,286),(90,613,956,593),(91,684,494,613),(92,312,295,147),(93,327,798,381),(94,463,396,289),(95,35,731,299),(96,184,177,486),(97,603,583,258),(98,236,138,235),(99,313,165,837),(100,172,183,172),(101,451,937,639),(102,493,865,82),(103,198,384,756),(104,286,515,206),(105,249,382,668),(106,367,638,301),(107,184,473,227),(108,262,828,579),(109,75,897,430),(110,598,482,540),(111,74,188,710),(112,198,494,497),(113,96,534,464),(114,21,286,317),(115,100,865,593),(116,697,144,128),(117,262,399,377),(118,152,375,359),(119,585,57,280),(120,651,737,856),(121,576,231,71),(122,407,848,31),(123,672,390,875),(124,540,180,474),(125,673,377,121),(126,607,381,832),(127,537,34,291),(128,552,956,911),(129,464,912,800),(130,198,434,249),(131,159,200,659),(132,94,800,791),(133,262,930,633),(134,373,393,13),(135,534,308,895),(136,308,66,586),(137,341,763,947),(138,492,224,1000),(139,455,469,672),(140,449,481,219),(141,475,934,540),(142,556,117,396),(143,578,189,814),(144,49,534,797),(145,242,609,228),(146,639,518,964),(147,130,828,741),(148,545,202,257),(149,90,160,100),(150,697,173,861),(151,473,628,9),(152,682,112,50),(153,155,39,660),(154,254,491,885),(155,406,517,107),(156,135,532,973),(157,350,787,645),(158,90,977,743),(159,556,385,627),(160,450,206,956),(161,420,811,37),(162,336,855,80),(163,343,134,134),(164,210,130,349),(165,31,105,341),(166,612,381,958),(167,318,762,874),(168,13,613,859),(169,194,708,939),(170,108,912,837),(171,530,646,456),(172,223,68,688),(173,347,418,553),(174,32,102,1000),(175,651,719,545),(176,672,634,318),(177,445,837,733),(178,283,258,257),(179,213,165,390),(180,647,73,285),(181,70,342,29),(182,203,386,569),(183,191,935,460),(184,443,983,812),(185,260,39,226),(186,501,472,964),(187,452,920,61),(188,141,265,759),(189,212,190,966),(190,309,746,305),(191,484,762,928),(192,625,493,214),(193,463,820,489),(194,661,790,770),(195,251,553,57),(196,396,531,153),(197,18,282,789),(198,643,200,702),(199,636,926,513),(200,613,313,812),(201,573,962,632),(202,401,429,897),(203,282,897,584),(204,369,564,41),(205,692,813,890),(206,558,695,483),(207,236,723,887),(208,643,588,894),(209,559,914,945),(210,541,73,734),(211,528,313,360),(212,168,321,974),(213,174,101,8),(214,91,827,82),(215,435,229,462),(216,161,497,774),(217,115,193,566),(218,495,109,507),(219,398,948,402),(220,237,392,23),(221,231,831,153),(222,124,926,363),(223,594,494,266),(224,570,993,942),(225,323,330,485),(226,538,511,442),(227,231,865,840),(228,329,888,608),(229,476,932,358),(230,309,690,963),(231,35,540,184),(232,226,123,682),(233,456,975,149),(234,20,222,787),(235,188,233,505),(236,186,353,222),(237,211,749,160),(238,136,188,700),(239,436,792,805),(240,158,339,187),(241,182,66,868),(242,460,932,527),(243,450,809,722),(244,289,881,212),(245,336,861,905),(246,696,761,168),(247,11,889,752),(248,184,946,515),(249,451,546,928),(250,97,722,932),(251,184,429,389),(252,564,742,153),(253,486,567,743),(254,621,361,595),(255,486,801,157),(256,16,192,732),(257,153,635,790),(258,222,796,77),(259,650,289,304),(260,361,21,654),(261,207,769,120),(262,375,730,988),(263,630,236,491),(264,352,811,45),(265,611,279,148),(266,54,740,17),(267,566,714,687),(268,232,688,324),(269,338,700,270),(270,590,664,774),(271,536,59,870),(272,390,824,391),(273,464,937,887),(274,234,604,596),(275,457,881,132),(276,645,242,121),(277,44,718,222),(278,466,783,697),(279,417,109,72),(280,383,306,870),(281,259,253,193),(282,327,220,898),(283,127,487,818),(284,219,265,615),(285,471,977,293),(286,448,888,219),(287,290,990,234),(288,552,731,541),(289,621,888,420),(290,239,815,729),(291,679,370,71),(292,538,594,192),(293,184,755,626),(294,470,764,506),(295,538,365,666),(296,435,406,752),(297,11,610,594),(298,348,791,477),(299,276,505,488),(300,117,646,720),(301,388,40,201),(302,260,139,730),(303,645,244,794),(304,587,534,389),(305,119,485,51),(306,236,100,639),(307,265,55,156),(308,578,898,953),(309,45,462,21),(310,189,375,639),(311,162,483,675),(312,4,904,447),(313,543,73,787),(314,149,564,390),(315,235,175,389),(316,161,747,977),(317,573,901,904),(318,680,942,331),(319,357,45,405),(320,553,422,212),(321,365,97,606),(322,200,853,375),(323,315,300,291),(324,347,29,553),(325,333,315,586),(326,507,143,598),(327,129,262,703),(328,540,47,545),(329,614,374,91),(330,437,552,7),(331,73,186,352),(332,651,871,889),(333,249,988,265),(334,261,534,547),(335,462,283,685),(336,264,755,845),(337,382,874,264),(338,74,170,987),(339,58,550,449),(340,242,108,470),(341,519,228,139),(342,142,84,311),(343,615,38,371),(344,519,741,386),(345,553,370,308),(346,662,982,373),(347,357,45,117),(348,581,799,167),(349,94,454,55),(350,600,835,21),(351,226,510,131),(352,276,304,824),(353,84,210,149),(354,12,681,547),(355,428,337,625),(356,510,406,400),(357,661,321,218),(358,50,930,871),(359,439,51,401),(360,358,765,20),(361,150,646,300),(362,531,191,760),(363,477,910,960),(364,684,675,786),(365,474,442,954),(366,636,557,576),(367,121,764,780),(368,378,71,800),(369,326,254,456),(370,302,363,853),(371,461,107,462),(372,415,437,450),(373,310,419,734),(374,65,308,850),(375,369,242,417),(376,345,908,416),(377,217,899,87),(378,449,600,983),(379,542,51,363),(380,6,161,527),(381,166,812,292),(382,96,284,547),(383,475,574,262),(384,379,603,455),(385,207,619,409),(386,649,84,552),(387,631,815,516),(388,375,796,349),(389,27,60,671),(390,699,708,444),(391,523,687,16),(392,606,990,824),(393,223,887,197),(394,368,514,101),(395,174,766,968),(396,657,5,131),(397,389,32,618),(398,415,248,684),(399,392,6,74),(400,105,676,879),(401,173,364,686),(402,320,331,644),(403,366,874,560),(404,166,521,248),(405,413,60,700),(406,392,923,476),(407,290,869,489),(408,118,451,539),(409,330,982,883),(410,637,181,116),(411,684,925,466),(412,395,254,338),(413,63,966,855),(414,413,164,512),(415,104,241,97),(416,212,100,928),(417,416,496,14),(418,159,308,385),(419,220,120,845),(420,54,528,814),(421,233,474,236),(422,554,69,237),(423,100,333,320),(424,628,875,28),(425,71,537,522),(426,412,484,189),(427,112,695,337),(428,630,960,655),(429,105,246,863),(430,335,549,17),(431,128,668,63),(432,325,294,133),(433,200,336,354),(434,501,591,251),(435,684,190,307),(436,141,115,710),(437,179,363,698),(438,221,175,42),(439,678,245,748),(440,132,857,523),(441,155,941,303),(442,148,745,450),(443,12,234,702),(444,83,951,476),(445,656,951,818),(446,470,147,467),(447,2,964,345),(448,691,865,126),(449,684,197,122),(450,118,141,830),(451,400,321,696),(452,368,843,348),(453,118,301,367),(454,115,743,43),(455,260,321,992),(456,122,407,930),(457,349,734,64),(458,207,351,587),(459,656,775,155),(460,60,593,345),(461,466,549,483),(462,564,607,350),(463,283,501,586),(464,454,691,432),(465,63,837,732),(466,213,666,647),(467,389,405,57),(468,517,999,434),(469,193,231,488),(470,397,497,800),(471,204,586,305),(472,438,861,849),(473,83,503,885),(474,429,818,255),(475,152,81,879),(476,344,114,939),(477,315,76,395),(478,583,27,420),(479,48,236,418),(480,144,982,658),(481,438,206,230),(482,204,962,4),(483,166,506,253),(484,182,204,4),(485,445,521,617),(486,523,799,565),(487,113,324,158),(488,512,754,578),(489,92,302,499),(490,204,839,477),(491,596,873,942),(492,404,590,400),(493,650,947,822),(494,25,6,756),(495,693,407,300),(496,554,624,206),(497,586,624,505),(498,184,47,503),(499,99,412,308),(500,583,188,157),(501,578,560,533),(502,587,259,914),(503,16,102,2),(504,225,269,690),(505,72,824,37),(506,440,355,418),(507,408,274,571),(508,347,837,408),(509,124,334,323),(510,518,464,731),(511,670,285,140),(512,548,382,667),(513,28,173,518),(514,245,789,760),(515,559,110,875),(516,349,204,872),(517,186,747,482),(518,362,965,204),(519,588,137,109),(520,318,619,986),(521,40,679,968),(522,519,178,524),(523,407,838,374),(524,654,742,55),(525,330,260,622),(526,521,983,137),(527,691,152,362),(528,287,543,782),(529,256,843,205),(530,299,549,885),(531,606,496,528),(532,565,713,296),(533,361,654,457),(534,170,175,900),(535,401,917,584),(536,4,817,232),(537,455,287,8),(538,255,82,843),(539,131,883,833),(540,507,901,619),(541,40,597,923),(542,26,208,316),(543,473,882,281),(544,233,881,594),(545,698,154,736),(546,288,259,521),(547,147,874,966),(548,494,806,727),(549,368,691,838),(550,530,134,778),(551,488,633,451),(552,191,529,387),(553,388,580,449),(554,346,426,790),(555,661,59,502),(556,590,155,995),(557,493,373,810),(558,83,302,282),(559,560,638,51),(560,185,78,885),(561,109,528,475),(562,307,680,912),(563,453,358,433),(564,543,301,122),(565,485,84,768),(566,33,614,817),(567,348,636,95),(568,47,418,929),(569,555,723,235),(570,25,192,906),(571,463,584,746),(572,16,193,704),(573,51,21,684),(574,531,885,184),(575,61,786,32),(576,268,73,831),(577,261,377,502),(578,609,422,458),(579,84,309,76),(580,110,266,750),(581,260,89,662),(582,120,64,366),(583,389,370,16),(584,114,326,422),(585,530,435,779),(586,90,707,73),(587,340,287,172),(588,60,871,196),(589,498,618,581),(590,466,469,760),(591,624,406,370),(592,128,615,525),(593,383,104,978),(594,672,210,858),(595,389,677,486),(596,431,270,75),(597,160,12,158),(598,533,995,840),(599,188,762,399),(600,671,715,131),(601,631,518,908),(602,214,214,200),(603,559,486,199),(604,363,227,583),(605,109,559,618),(606,633,943,831),(607,633,18,663),(608,202,622,518),(609,240,272,595),(610,397,678,454),(611,439,915,709),(612,391,649,77),(613,540,31,164),(614,381,889,987),(615,14,394,876),(616,418,197,5),(617,268,483,602),(618,469,953,449),(619,582,942,231),(620,560,103,394),(621,214,984,593),(622,200,741,153),(623,406,85,68),(624,162,557,801),(625,641,807,501),(626,80,70,290),(627,308,811,503),(628,136,433,218),(629,494,646,121),(630,638,194,864),(631,683,281,8),(632,77,570,76),(633,536,496,726),(634,146,514,567),(635,258,118,936),(636,374,975,498),(637,20,789,763),(638,182,381,385),(639,445,284,157),(640,10,24,458),(641,19,611,198),(642,450,66,329),(643,648,664,164),(644,347,432,900),(645,506,162,64),(646,426,279,769),(647,304,844,427),(648,255,957,433),(649,153,43,285),(650,406,224,470),(651,443,53,40),(652,26,598,533),(653,453,173,234),(654,609,555,516),(655,59,17,374),(656,663,795,368),(657,453,65,552),(658,652,765,989),(659,572,855,194),(660,360,327,563),(661,613,854,552),(662,82,509,958),(663,349,186,78),(664,111,865,672),(665,219,891,128),(666,641,274,200),(667,171,493,5),(668,655,390,219),(669,429,389,103),(670,694,602,819),(671,612,300,172),(672,421,532,514),(673,365,731,877),(674,109,387,19),(675,270,534,56),(676,654,109,765),(677,628,414,936),(678,673,169,685),(679,424,454,217),(680,328,348,607),(681,474,877,774),(682,653,206,612),(683,41,414,463),(684,383,234,311),(685,405,918,1000),(686,384,826,909),(687,414,551,102),(688,49,117,123),(689,263,248,590),(690,626,166,621),(691,392,776,686),(692,408,999,497),(693,40,919,998),(694,700,147,972),(695,637,229,900),(696,449,93,311),(697,335,710,230),(698,572,807,119),(699,278,93,532),(700,447,286,272),(701,499,620,35),(702,526,950,64),(703,570,655,3),(704,59,928,951),(705,501,526,766),(706,326,971,395),(707,179,537,561),(708,206,694,634),(709,202,943,11),(710,383,402,295),(711,99,455,14),(712,139,391,218),(713,72,262,898),(714,6,977,116),(715,405,403,342),(716,132,671,740),(717,583,225,206),(718,687,708,86),(719,471,269,472),(720,482,490,445),(721,68,340,811),(722,240,480,405),(723,294,236,695),(724,394,194,811),(725,354,842,827),(726,359,702,32),(727,64,263,772),(728,55,907,734),(729,116,389,274),(730,129,469,419),(731,309,701,888),(732,36,583,748),(733,436,960,867),(734,259,51,417),(735,27,67,541),(736,499,942,762),(737,621,675,9),(738,400,347,838),(739,534,824,991),(740,149,4,43),(741,565,216,444),(742,271,143,399),(743,380,358,300),(744,274,399,171),(745,377,55,130),(746,605,923,722),(747,352,963,8),(748,120,265,589),(749,260,235,703),(750,368,125,293),(751,584,116,370),(752,443,424,404),(753,213,244,131),(754,135,634,621),(755,691,81,441),(756,392,916,495),(757,263,856,645),(758,614,256,484),(759,435,490,775),(760,336,892,949),(761,431,341,585),(762,342,789,478),(763,415,120,304),(764,276,127,382),(765,650,827,263),(766,343,97,969),(767,434,107,288),(768,32,220,128),(769,272,959,340),(770,580,747,545),(771,151,107,508),(772,587,215,480),(773,598,712,876),(774,156,872,146),(775,360,243,115),(776,588,486,21),(777,675,472,335),(778,101,840,317),(779,101,872,748),(780,168,969,751),(781,220,850,143),(782,293,94,691),(783,391,520,580),(784,562,368,607),(785,43,582,991),(786,264,270,410),(787,452,80,719),(788,517,166,535),(789,418,468,430),(790,524,358,738),(791,31,818,274),(792,311,401,52),(793,535,336,84),(794,556,343,93),(795,597,698,493),(796,238,977,560),(797,555,702,862),(798,46,26,347),(799,425,285,526),(800,106,979,276),(801,520,161,537),(802,569,954,488),(803,511,848,67),(804,591,965,260),(805,3,864,638),(806,287,862,772),(807,567,597,372),(808,128,172,924),(809,545,486,608),(810,310,558,626),(811,634,347,901),(812,548,293,667),(813,71,172,827),(814,273,221,780),(815,487,413,275),(816,303,933,727),(817,529,101,381),(818,691,998,329),(819,621,554,415),(820,14,659,433),(821,547,602,694),(822,509,40,33),(823,308,371,583),(824,689,606,65),(825,363,283,441),(826,124,545,129),(827,464,845,525),(828,579,450,255),(829,191,761,618),(830,117,734,470),(831,210,625,328),(832,171,914,110),(833,607,37,126),(834,527,253,403),(835,107,461,783),(836,346,7,207),(837,151,454,945),(838,48,732,383),(839,280,103,109),(840,74,624,736),(841,64,974,526),(842,595,542,878),(843,403,346,793),(844,185,602,70),(845,425,493,880),(846,449,226,65),(847,389,656,430),(848,41,242,710),(849,64,656,186),(850,196,454,399),(851,118,912,285),(852,105,148,99),(853,273,463,412),(854,628,509,348),(855,8,976,386),(856,64,593,25),(857,627,309,824),(858,425,96,482),(859,308,956,642),(860,15,754,322),(861,133,721,81),(862,264,290,525),(863,244,47,678),(864,195,581,991),(865,364,328,322),(866,347,254,738),(867,690,449,405),(868,537,941,801),(869,231,119,789),(870,555,88,79),(871,637,356,342),(872,631,999,725),(873,374,852,509),(874,391,208,427),(875,694,27,63),(876,48,560,872),(877,457,835,111),(878,417,26,579),(879,19,704,662),(880,178,46,296),(881,303,303,111),(882,182,694,150),(883,445,410,771),(884,584,702,506),(885,206,219,881),(886,330,932,373),(887,407,620,109),(888,131,831,212),(889,16,737,956),(890,424,197,18),(891,28,566,109),(892,119,455,279),(893,614,498,721),(894,685,882,429),(895,339,772,86),(896,75,153,296),(897,564,180,166),(898,421,471,729),(899,132,86,964),(900,439,154,786),(901,514,138,341),(902,123,149,371),(903,343,248,473),(904,51,878,210),(905,635,849,350),(906,288,938,561),(907,286,859,555),(908,333,36,657),(909,420,590,884),(910,59,556,165),(911,35,555,383),(912,5,299,329),(913,123,295,566),(914,464,500,505),(915,211,60,376),(916,683,194,321),(917,82,99,99),(918,532,743,858),(919,120,152,909),(920,598,554,806),(921,663,878,309),(922,311,758,398),(923,429,407,725),(924,528,901,924),(925,466,59,27),(926,341,182,643),(927,285,451,172),(928,636,25,215),(929,621,962,352),(930,31,594,390),(931,1,430,54),(932,222,692,884),(933,478,225,335),(934,622,522,916),(935,198,116,342),(936,351,887,877),(937,98,454,643),(938,388,308,60),(939,285,980,773),(940,470,238,201),(941,542,584,105),(942,596,280,514),(943,583,235,225),(944,289,101,737),(945,594,704,669),(946,581,745,837),(947,336,30,428),(948,131,583,248),(949,506,608,404),(950,16,115,883),(951,406,457,598),(952,543,909,445),(953,423,521,216),(954,150,753,44),(955,470,232,37),(956,158,291,862),(957,291,413,83),(958,317,234,25),(959,162,556,279),(960,363,501,739),(961,620,461,204),(962,326,161,99),(963,97,431,216),(964,264,822,367),(965,209,435,752),(966,259,97,653),(967,428,70,327),(968,678,254,832),(969,9,609,833),(970,461,120,200),(971,215,648,500),(972,641,39,111),(973,439,216,603),(974,580,293,667),(975,500,767,711),(976,58,911,641),(977,444,547,80),(978,693,379,351),(979,470,939,715),(980,567,266,568),(981,489,637,602),(982,201,140,127),(983,75,727,916),(984,699,998,700),(985,637,374,594),(986,388,36,422),(987,490,96,208),(988,542,925,575),(989,359,29,921),(990,275,89,766),(991,176,759,278),(992,155,594,153),(993,123,186,719),(994,424,382,868),(995,72,2,983),(996,223,373,597),(997,653,512,561),(998,296,496,844),(999,76,963,919),(1000,700,542,333);
/*!40000 ALTER TABLE `recipes_to_ingredients` ENABLE KEYS */;
UNLOCK TABLES;

--
-- Table structure for table `recipes_to_workbenches`
--

DROP TABLE IF EXISTS `recipes_to_workbenches`;
/*!40101 SET @saved_cs_client     = @@character_set_client */;
/*!50503 SET character_set_client = utf8mb4 */;
CREATE TABLE `recipes_to_workbenches` (
  `workbench_id` int unsigned NOT NULL,
  `recipe_id` int unsigned NOT NULL,
  PRIMARY KEY (`workbench_id`,`recipe_id`),
  KEY `workbench_id_idx` (`workbench_id`),
  KEY `recipe_id_idx` (`recipe_id`),
  CONSTRAINT `recipe_id` FOREIGN KEY (`recipe_id`) REFERENCES `recipes` (`id`) ON DELETE RESTRICT ON UPDATE CASCADE,
  CONSTRAINT `workbench_id` FOREIGN KEY (`workbench_id`) REFERENCES `workbenches` (`id`) ON DELETE RESTRICT ON UPDATE CASCADE
) ENGINE=InnoDB DEFAULT CHARSET=utf8;
/*!40101 SET character_set_client = @saved_cs_client */;

--
-- Dumping data for table `recipes_to_workbenches`
--

LOCK TABLES `recipes_to_workbenches` WRITE;
/*!40000 ALTER TABLE `recipes_to_workbenches` DISABLE KEYS */;
INSERT INTO `recipes_to_workbenches` VALUES (1,5),(1,49),(1,112),(1,135),(1,147),(1,194),(1,286),(1,312),(1,316),(1,502),(1,555),(1,572),(1,605),(1,666),(1,686),(1,699),(2,12),(2,76),(2,148),(2,324),(2,407),(2,445),(2,453),(2,622),(2,642),(2,667),(2,675),(2,679),(2,695),(3,26),(3,40),(3,163),(3,188),(3,189),(3,192),(3,200),(3,202),(3,246),(3,264),(3,269),(3,303),(3,321),(3,329),(3,334),(3,359),(3,388),(3,392),(3,405),(3,448),(3,451),(3,483),(3,484),(3,518),(3,622),(3,638),(4,10),(4,88),(4,122),(4,123),(4,261),(4,287),(4,317),(4,326),(4,351),(4,368),(4,369),(4,439),(4,488),(4,556),(4,639),(4,659),(5,7),(5,9),(5,21),(5,62),(5,84),(5,110),(5,168),(5,295),(5,318),(5,326),(5,333),(5,343),(5,370),(5,429),(5,462),(5,472),(5,552),(5,559),(5,599),(5,601),(5,641),(5,644),(5,664),(5,692),(5,696),(6,6),(6,27),(6,174),(6,202),(6,211),(6,218),(6,263),(6,292),(6,328),(6,386),(6,388),(6,393),(6,433),(6,440),(6,488),(6,497),(6,509),(6,511),(6,544),(6,545),(6,559),(6,603),(6,615),(6,651),(6,682),(7,68),(7,77),(7,153),(7,161),(7,164),(7,191),(7,233),(7,239),(7,252),(7,274),(7,302),(7,342),(7,365),(7,396),(7,398),(7,401),(7,446),(7,516),(7,585),(7,592),(7,597),(7,683),(7,699),(8,53),(8,155),(8,275),(8,293),(8,305),(8,320),(8,352),(8,416),(8,437),(8,450),(8,454),(8,552),(8,572),(8,583),(8,607),(8,610),(8,670),(8,684),(9,26),(9,165),(9,177),(9,205),(9,330),(9,374),(9,418),(9,421),(9,452),(9,470),(9,474),(9,495),(9,499),(9,588),(9,675),(9,700),(10,32),(10,39),(10,57),(10,69),(10,83),(10,178),(10,223),(10,225),(10,232),(10,235),(10,304),(10,357),(10,370),(10,449),(10,494),(11,12),(11,26),(11,28),(11,79),(11,99),(11,166),(11,269),(11,279),(11,337),(11,402),(11,454),(11,464),(11,469),(11,515),(11,661),(11,674),(11,697),(12,7),(12,34),(12,70),(12,95),(12,116),(12,119),(12,151),(12,198),(12,303),(12,313),(12,320),(12,577),(12,586),(12,653),(13,4),(13,8),(13,99),(13,122),(13,132),(13,137),(13,168),(13,203),(13,237),(13,254),(13,364),(13,366),(13,424),(13,493),(13,511),(13,625),(14,4),(14,10),(14,61),(14,63),(14,64),(14,68),(14,88),(14,108),(14,112),(14,122),(14,213),(14,237),(14,238),(14,245),(14,318),(14,354),(14,367),(14,424),(14,428),(14,445),(14,450),(14,523),(14,530),(14,531),(14,615),(14,663),(14,668),(14,679),(15,45),(15,143),(15,179),(15,245),(15,275),(15,309),(15,352),(15,394),(15,506),(15,540),(15,543),(15,622),(15,654),(15,688),(16,12),(16,29),(16,69),(16,97),(16,100),(16,102),(16,103),(16,131),(16,140),(16,176),(16,184),(16,224),(16,249),(16,254),(16,323),(16,338),(16,374),(16,408),(16,416),(16,448),(16,451),(16,495),(16,598),(16,599),(16,633),(16,659),(16,677),(16,693),(16,699),(17,38),(17,108),(17,115),(17,176),(17,214),(17,273),(17,370),(17,396),(17,400),(17,481),(17,524),(17,575),(17,620),(17,622),(17,638),(17,649),(17,657),(18,28),(18,36),(18,44),(18,84),(18,136),(18,169),(18,254),(18,337),(18,352),(18,442),(18,445),(18,446),(18,481),(18,498),(18,506),(18,519),(18,542),(18,557),(18,585),(18,592),(18,696),(19,43),(19,149),(19,161),(19,169),(19,175),(19,178),(19,188),(19,201),(19,250),(19,258),(19,272),(19,344),(19,349),(19,384),(19,392),(19,440),(19,448),(19,488),(19,505),(19,523),(19,537),(19,549),(19,597),(19,632),(20,27),(20,39),(20,75),(20,171),(20,172),(20,211),(20,216),(20,267),(20,330),(20,456),(20,482),(20,490),(20,508),(20,554),(20,555),(20,604),(20,662),(21,42),(21,46),(21,49),(21,79),(21,182),(21,193),(21,208),(21,219),(21,267),(21,275),(21,321),(21,331),(21,332),(21,340),(21,392),(21,402),(21,416),(21,454),(21,476),(21,523),(21,544),(21,551),(21,594),(21,693),(22,30),(22,45),(22,48),(22,81),(22,99),(22,137),(22,142),(22,214),(22,262),(22,287),(22,342),(22,366),(22,388),(22,414),(22,437),(22,440),(22,453),(22,465),(22,473),(22,476),(22,500),(22,511),(22,530),(22,605),(22,611),(22,672),(23,27),(23,69),(23,84),(23,109),(23,112),(23,156),(23,162),(23,182),(23,247),(23,366),(23,397),(23,474),(23,512),(23,515),(23,519),(23,555),(23,660),(23,668),(24,57),(24,208),(24,223),(24,224),(24,232),(24,319),(24,394),(24,404),(24,414),(24,415),(24,543),(24,655),(24,686),(25,16),(25,83),(25,204),(25,213),(25,256),(25,290),(25,311),(25,365),(25,385),(25,416),(25,426),(25,476),(25,495),(25,550),(25,563),(25,568),(25,589),(25,592),(25,641),(25,642),(25,648),(25,649),(25,665),(25,669),(25,695),(25,698),(26,28),(26,52),(26,59),(26,97),(26,115),(26,163),(26,208),(26,235),(26,269),(26,293),(26,312),(26,519),(26,583),(26,598),(26,648),(26,667),(27,1),(27,5),(27,100),(27,131),(27,153),(27,170),(27,227),(27,294),(27,300),(27,333),(27,384),(27,441),(27,487),(27,494),(27,555),(27,583),(27,590),(27,596),(28,116),(28,179),(28,192),(28,198),(28,201),(28,243),(28,320),(28,326),(28,385),(28,391),(28,395),(28,441),(28,452),(28,488),(28,539),(28,545),(28,603),(28,635),(28,677),(29,81),(29,187),(29,220),(29,236),(29,272),(29,304),(29,432),(29,441),(29,586),(29,590),(29,668),(29,678),(30,11),(30,15),(30,39),(30,88),(30,109),(30,120),(30,124),(30,175),(30,194),(30,263),(30,283),(30,357),(30,362),(30,376),(30,386),(30,396),(30,446),(30,484),(30,496),(30,503),(30,585),(30,622),(30,624),(30,657),(30,661),(30,667),(31,90),(31,139),(31,196),(31,232),(31,287),(31,320),(31,340),(31,399),(31,472),(31,499),(31,508),(31,598),(31,685),(32,93),(32,102),(32,114),(32,118),(32,158),(32,174),(32,213),(32,273),(32,359),(32,409),(32,486),(32,581),(32,593),(32,607),(32,632),(32,638),(32,654),(32,697),(33,41),(33,138),(33,179),(33,190),(33,325),(33,329),(33,353),(33,364),(33,366),(33,374),(33,375),(33,446),(33,459),(33,464),(33,495),(33,556),(33,604),(33,695),(34,27),(34,33),(34,87),(34,108),(34,117),(34,130),(34,140),(34,204),(34,221),(34,236),(34,287),(34,294),(34,313),(34,314),(34,333),(34,337),(34,347),(34,358),(34,410),(34,433),(34,436),(34,480),(34,481),(34,507),(34,540),(34,548),(34,549),(34,554),(34,566),(34,644),(34,658),(35,36),(35,96),(35,144),(35,167),(35,300),(35,320),(35,354),(35,385),(35,429),(35,465),(35,472),(35,496),(35,541),(35,563),(35,677),(35,685),(35,692),(36,66),(36,78),(36,120),(36,138),(36,142),(36,213),(36,277),(36,311),(36,335),(36,354),(36,358),(36,367),(36,380),(36,454),(36,463),(36,506),(36,509),(36,519),(36,556),(36,563),(36,630),(36,641),(36,669),(36,676),(36,685),(37,12),(37,85),(37,95),(37,115),(37,117),(37,136),(37,183),(37,214),(37,246),(37,266),(37,281),(37,298),(37,347),(37,399),(37,438),(37,465),(37,506),(37,525),(37,575),(37,662),(37,663),(38,25),(38,27),(38,41),(38,64),(38,76),(38,101),(38,132),(38,151),(38,197),(38,264),(38,374),(38,459),(38,470),(38,481),(38,661),(38,670),(39,58),(39,68),(39,101),(39,172),(39,173),(39,174),(39,179),(39,188),(39,217),(39,218),(39,228),(39,251),(39,281),(39,293),(39,297),(39,298),(39,299),(39,315),(39,366),(39,425),(39,473),(39,503),(39,539),(39,551),(39,552),(39,597),(39,617),(39,645),(39,651),(39,664),(39,693),(40,2),(40,5),(40,149),(40,156),(40,157),(40,177),(40,216),(40,229),(40,255),(40,275),(40,319),(40,334),(40,345),(40,373),(40,388),(40,389),(40,427),(40,439),(40,474),(40,486),(40,511),(40,542),(40,550),(40,572),(40,599),(40,654),(40,687),(41,140),(41,168),(41,169),(41,198),(41,221),(41,240),(41,305),(41,403),(41,412),(41,438),(41,447),(41,513),(41,514),(41,570),(41,610),(41,651),(41,672),(41,673),(42,93),(42,146),(42,188),(42,269),(42,276),(42,317),(42,383),(42,384),(42,386),(42,412),(42,433),(42,463),(42,518),(42,600),(42,606),(42,654),(42,694),(43,44),(43,59),(43,92),(43,97),(43,135),(43,140),(43,159),(43,184),(43,210),(43,282),(43,324),(43,395),(43,415),(43,420),(43,432),(43,456),(43,480),(43,484),(43,508),(43,532),(43,556),(43,573),(43,586),(43,611),(44,22),(44,49),(44,50),(44,53),(44,70),(44,121),(44,159),(44,168),(44,204),(44,321),(44,351),(44,370),(44,403),(44,449),(44,491),(44,493),(44,503),(44,528),(44,602),(44,633),(44,680),(45,63),(45,129),(45,165),(45,194),(45,203),(45,208),(45,222),(45,238),(45,294),(45,332),(45,349),(45,377),(45,403),(45,506),(45,585),(45,590),(45,618),(45,623),(45,657),(45,668),(46,112),(46,197),(46,291),(46,300),(46,326),(46,332),(46,422),(46,465),(46,509),(46,564),(46,569),(46,615),(46,618),(46,650),(46,700),(47,65),(47,83),(47,243),(47,263),(47,297),(47,327),(47,356),(47,365),(47,366),(47,375),(47,407),(47,424),(47,441),(47,443),(47,608),(47,673),(47,683),(48,5),(48,125),(48,134),(48,209),(48,277),(48,368),(48,369),(48,378),(48,455),(48,469),(48,482),(48,533),(49,26),(49,29),(49,59),(49,65),(49,78),(49,130),(49,210),(49,248),(49,297),(49,300),(49,351),(49,354),(49,373),(49,423),(49,504),(49,554),(49,570),(49,630),(49,636),(49,641),(49,664),(50,183),(50,204),(50,257),(50,282),(50,298),(50,339),(50,356),(50,400),(50,408),(50,410),(50,421),(50,429),(50,430),(50,465),(50,537),(50,551),(50,653),(50,682);
/*!40000 ALTER TABLE `recipes_to_workbenches` ENABLE KEYS */;
UNLOCK TABLES;

--
-- Table structure for table `stack_sizes`
--

DROP TABLE IF EXISTS `stack_sizes`;
/*!40101 SET @saved_cs_client     = @@character_set_client */;
/*!50503 SET character_set_client = utf8mb4 */;
CREATE TABLE `stack_sizes` (
  `value` int unsigned NOT NULL,
  PRIMARY KEY (`value`)
) ENGINE=InnoDB DEFAULT CHARSET=utf8;
/*!40101 SET character_set_client = @saved_cs_client */;

--
-- Dumping data for table `stack_sizes`
--

LOCK TABLES `stack_sizes` WRITE;
/*!40000 ALTER TABLE `stack_sizes` DISABLE KEYS */;
INSERT INTO `stack_sizes` VALUES (1),(2),(3),(4),(5),(6),(7),(8),(9),(10),(11),(12),(13),(14),(15),(16),(17),(18),(19),(20),(21),(22),(23),(24),(25),(26),(27),(28),(29),(30),(31),(32),(33),(34),(35),(36),(37),(38),(39),(40),(41),(42),(43),(44),(45),(46),(47),(48),(49),(50),(51),(52),(53),(54),(55),(56),(57),(58),(59),(60),(61),(62),(63),(64),(65),(66),(67),(68),(69),(70),(71),(72),(73),(74),(75),(76),(77),(78),(79),(80),(81),(82),(83),(84),(85),(86),(87),(88),(89),(90),(91),(92),(93),(94),(95),(96),(97),(98),(99),(100),(101),(102),(103),(104),(105),(106),(107),(108),(109),(110),(111),(112),(113),(114),(115),(116),(117),(118),(119),(120),(121),(122),(123),(124),(125),(126),(127),(128),(129),(130),(131),(132),(133),(134),(135),(136),(137),(138),(139),(140),(141),(142),(143),(144),(145),(146),(147),(148),(149),(150),(151),(152),(153),(154),(155),(156),(157),(158),(159),(160),(161),(162),(163),(164),(165),(166),(167),(168),(169),(170),(171),(172),(173),(174),(175),(176),(177),(178),(179),(180),(181),(182),(183),(184),(185),(186),(187),(188),(189),(190),(191),(192),(193),(194),(195),(196),(197),(198),(199),(200),(201),(202),(203),(204),(205),(206),(207),(208),(209),(210),(211),(212),(213),(214),(215),(216),(217),(218),(219),(220),(221),(222),(223),(224),(225),(226),(227),(228),(229),(230),(231),(232),(233),(234),(235),(236),(237),(238),(239),(240),(241),(242),(243),(244),(245),(246),(247),(248),(249),(250),(251),(252),(253),(254),(255),(256),(257),(258),(259),(260),(261),(262),(263),(264),(265),(266),(267),(268),(269),(270),(271),(272),(273),(274),(275),(276),(277),(278),(279),(280),(281),(282),(283),(284),(285),(286),(287),(288),(289),(290),(291),(292),(293),(294),(295),(296),(297),(298),(299),(300),(301),(302),(303),(304),(305),(306),(307),(308),(309),(310),(311),(312),(313),(314),(315),(316),(317),(318),(319),(320),(321),(322),(323),(324),(325),(326),(327),(328),(329),(330),(331),(332),(333),(334),(335),(336),(337),(338),(339),(340),(341),(342),(343),(344),(345),(346),(347),(348),(349),(350),(351),(352),(353),(354),(355),(356),(357),(358),(359),(360),(361),(362),(363),(364),(365),(366),(367),(368),(369),(370),(371),(372),(373),(374),(375),(376),(377),(378),(379),(380),(381),(382),(383),(384),(385),(386),(387),(388),(389),(390),(391),(392),(393),(394),(395),(396),(397),(398),(399),(400),(401),(402),(403),(404),(405),(406),(407),(408),(409),(410),(411),(412),(413),(414),(415),(416),(417),(418),(419),(420),(421),(422),(423),(424),(425),(426),(427),(428),(429),(430),(431),(432),(433),(434),(435),(436),(437),(438),(439),(440),(441),(442),(443),(444),(445),(446),(447),(448),(449),(450),(451),(452),(453),(454),(455),(456),(457),(458),(459),(460),(461),(462),(463),(464),(465),(466),(467),(468),(469),(470),(471),(472),(473),(474),(475),(476),(477),(478),(479),(480),(481),(482),(483),(484),(485),(486),(487),(488),(489),(490),(491),(492),(493),(494),(495),(496),(497),(498),(499),(500),(501),(502),(503),(504),(505),(506),(507),(508),(509),(510),(511),(512),(513),(514),(515),(516),(517),(518),(519),(520),(521),(522),(523),(524),(525),(526),(527),(528),(529),(530),(531),(532),(533),(534),(535),(536),(537),(538),(539),(540),(541),(542),(543),(544),(545),(546),(547),(548),(549),(550),(551),(552),(553),(554),(555),(556),(557),(558),(559),(560),(561),(562),(563),(564),(565),(566),(567),(568),(569),(570),(571),(572),(573),(574),(575),(576),(577),(578),(579),(580),(581),(582),(583),(584),(585),(586),(587),(588),(589),(590),(591),(592),(593),(594),(595),(596),(597),(598),(599),(600),(601),(602),(603),(604),(605),(606),(607),(608),(609),(610),(611),(612),(613),(614),(615),(616),(617),(618),(619),(620),(621),(622),(623),(624),(625),(626),(627),(628),(629),(630),(631),(632),(633),(634),(635),(636),(637),(638),(639),(640),(641),(642),(643),(644),(645),(646),(647),(648),(649),(650),(651),(652),(653),(654),(655),(656),(657),(658),(659),(660),(661),(662),(663),(664),(665),(666),(667),(668),(669),(670),(671),(672),(673),(674),(675),(676),(677),(678),(679),(680),(681),(682),(683),(684),(685),(686),(687),(688),(689),(690),(691),(692),(693),(694),(695),(696),(697),(698),(699),(700),(701),(702),(703),(704),(705),(706),(707),(708),(709),(710),(711),(712),(713),(714),(715),(716),(717),(718),(719),(720),(721),(722),(723),(724),(725),(726),(727),(728),(729),(730),(731),(732),(733),(734),(735),(736),(737),(738),(739),(740),(741),(742),(743),(744),(745),(746),(747),(748),(749),(750),(751),(752),(753),(754),(755),(756),(757),(758),(759),(760),(761),(762),(763),(764),(765),(766),(767),(768),(769),(770),(771),(772),(773),(774),(775),(776),(777),(778),(779),(780),(781),(782),(783),(784),(785),(786),(787),(788),(789),(790),(791),(792),(793),(794),(795),(796),(797),(798),(799),(800),(801),(802),(803),(804),(805),(806),(807),(808),(809),(810),(811),(812),(813),(814),(815),(816),(817),(818),(819),(820),(821),(822),(823),(824),(825),(826),(827),(828),(829),(830),(831),(832),(833),(834),(835),(836),(837),(838),(839),(840),(841),(842),(843),(844),(845),(846),(847),(848),(849),(850),(851),(852),(853),(854),(855),(856),(857),(858),(859),(860),(861),(862),(863),(864),(865),(866),(867),(868),(869),(870),(871),(872),(873),(874),(875),(876),(877),(878),(879),(880),(881),(882),(883),(884),(885),(886),(887),(888),(889),(890),(891),(892),(893),(894),(895),(896),(897),(898),(899),(900),(901),(902),(903),(904),(905),(906),(907),(908),(909),(910),(911),(912),(913),(914),(915),(916),(917),(918),(919),(920),(921),(922),(923),(924),(925),(926),(927),(928),(929),(930),(931),(932),(933),(934),(935),(936),(937),(938),(939),(940),(941),(942),(943),(944),(945),(946),(947),(948),(949),(950),(951),(952),(953),(954),(955),(956),(957),(958),(959),(960),(961),(962),(963),(964),(965),(966),(967),(968),(969),(970),(971),(972),(973),(974),(975),(976),(977),(978),(979),(980),(981),(982),(983),(984),(985),(986),(987),(988),(989),(990),(991),(992),(993),(994),(995),(996),(997),(998),(999),(1000);
/*!40000 ALTER TABLE `stack_sizes` ENABLE KEYS */;
UNLOCK TABLES;

--
-- Temporary view structure for view `type_one`
--

DROP TABLE IF EXISTS `type_one`;
/*!50001 DROP VIEW IF EXISTS `type_one`*/;
SET @saved_cs_client     = @@character_set_client;
/*!50503 SET character_set_client = utf8mb4 */;
/*!50001 CREATE VIEW `type_one` AS SELECT 
 1 AS `id`,
 1 AS `name`,
 1 AS `description`,
 1 AS `image_id`,
 1 AS `base_price`,
 1 AS `rarity_id`,
 1 AS `item_type_id`,
 1 AS `stack_size`*/;
SET character_set_client = @saved_cs_client;

--
-- Table structure for table `workbenches`
--

DROP TABLE IF EXISTS `workbenches`;
/*!40101 SET @saved_cs_client     = @@character_set_client */;
/*!50503 SET character_set_client = utf8mb4 */;
CREATE TABLE `workbenches` (
  `id` int unsigned NOT NULL AUTO_INCREMENT,
  `name` varchar(255) NOT NULL,
  `image_id` int unsigned DEFAULT NULL,
  PRIMARY KEY (`id`),
  KEY `image_idx` (`image_id`),
  KEY `workbench_name` (`name`),
  CONSTRAINT `image_id_w` FOREIGN KEY (`image_id`) REFERENCES `images` (`id`) ON DELETE SET NULL ON UPDATE CASCADE
) ENGINE=InnoDB AUTO_INCREMENT=51 DEFAULT CHARSET=utf8;
/*!40101 SET character_set_client = @saved_cs_client */;

--
-- Dumping data for table `workbenches`
--

LOCK TABLES `workbenches` WRITE;
/*!40000 ALTER TABLE `workbenches` DISABLE KEYS */;
INSERT INTO `workbenches` VALUES (1,'aliquam',681),(2,'non',232),(3,'montes',967),(4,'eleifend quam a',312),(5,'nulla',783),(6,'arcu',NULL),(7,'quisque ut erat',833),(8,'et',935),(9,'blandit lacinia',931),(10,'sociis',360),(11,'aliquam quis',403),(12,'convallis eget',865),(13,'est',347),(14,'ipsum',34),(15,'suspendisse accumsan tortor',701),(16,'sed vestibulum',144),(17,'amet eros',763),(18,'ligula nec',518),(19,'mattis nibh',508),(20,'nullam',987),(21,'sagittis',NULL),(22,'fusce lacus',849),(23,'cum sociis natoque',672),(24,'vel',424),(25,'morbi non lectus',648),(26,'proin',681),(27,'nunc',735),(28,'elit ac nulla',316),(29,'et',615),(30,'vel',403),(31,'ipsum',342),(32,'vel',22),(33,'fusce lacus purus',429),(34,'velit eu',138),(35,'rhoncus aliquet',493),(36,'ligula vehicula',893),(37,'eros viverra eget',650),(38,'blandit',773),(39,'rutrum nulla',772),(40,'quam turpis',NULL),(41,'adipiscing',661),(42,'consequat metus sapien',944),(43,'ante',506),(44,'nec dui luctus',147),(45,'consectetuer adipiscing elit',628),(46,'potenti',126),(47,'eu',NULL),(48,'augue',NULL),(49,'parturient',23),(50,'mauris lacinia sapien',628);
/*!40000 ALTER TABLE `workbenches` ENABLE KEYS */;
UNLOCK TABLES;

--
-- Table structure for table `workbenches_to_items`
--

DROP TABLE IF EXISTS `workbenches_to_items`;
/*!40101 SET @saved_cs_client     = @@character_set_client */;
/*!50503 SET character_set_client = utf8mb4 */;
CREATE TABLE `workbenches_to_items` (
  `workbench_id` int unsigned NOT NULL,
  `item_id` int unsigned NOT NULL,
  PRIMARY KEY (`workbench_id`,`item_id`),
  KEY `workbench_id_idx` (`workbench_id`),
  KEY `item_id_idx` (`item_id`),
  CONSTRAINT `item_id_w` FOREIGN KEY (`item_id`) REFERENCES `items` (`id`) ON DELETE RESTRICT ON UPDATE CASCADE,
  CONSTRAINT `workbench_id_i` FOREIGN KEY (`workbench_id`) REFERENCES `workbenches` (`id`) ON DELETE RESTRICT ON UPDATE CASCADE
) ENGINE=InnoDB DEFAULT CHARSET=utf8;
/*!40101 SET character_set_client = @saved_cs_client */;

--
-- Dumping data for table `workbenches_to_items`
--

LOCK TABLES `workbenches_to_items` WRITE;
/*!40000 ALTER TABLE `workbenches_to_items` DISABLE KEYS */;
INSERT INTO `workbenches_to_items` VALUES (1,584),(1,651),(1,755),(2,2),(2,227),(2,609),(2,985),(3,649),(3,683),(4,360),(4,444),(4,650),(6,109),(6,440),(6,605),(6,885),(7,71),(7,123),(7,751),(7,907),(8,935),(10,672),(10,897),(12,986),(13,135),(13,431),(13,634),(14,816),(15,936),(16,234),(16,910),(16,911),(17,319),(17,613),(18,1),(18,145),(19,380),(19,616),(20,58),(20,448),(20,590),(22,271),(22,491),(22,823),(24,973),(25,158),(25,267),(26,169),(26,823),(26,952),(27,648),(28,218),(28,290),(28,740),(29,213),(29,806),(30,74),(30,332),(31,500),(31,881),(32,720),(33,417),(33,605),(33,821),(34,2),(34,587),(35,427),(35,470),(36,41),(36,402),(37,228),(37,339),(37,682),(37,920),(38,378),(38,496),(38,547),(38,622),(38,912),(39,142),(39,276),(39,951),(40,44),(40,371),(40,398),(41,876),(41,898),(42,605),(44,90),(45,111),(45,166),(45,615),(46,486),(47,175),(47,361),(48,636),(49,377),(50,57),(50,243),(50,891);
/*!40000 ALTER TABLE `workbenches_to_items` ENABLE KEYS */;
UNLOCK TABLES;

--
-- Dumping events for database 'crafting_db'
--

--
-- Dumping routines for database 'crafting_db'
--
/*!50003 DROP FUNCTION IF EXISTS `is_profitable` */;
/*!50003 SET @saved_cs_client      = @@character_set_client */ ;
/*!50003 SET @saved_cs_results     = @@character_set_results */ ;
/*!50003 SET @saved_col_connection = @@collation_connection */ ;
/*!50003 SET character_set_client  = utf8mb4 */ ;
/*!50003 SET character_set_results = utf8mb4 */ ;
/*!50003 SET collation_connection  = utf8mb4_0900_ai_ci */ ;
/*!50003 SET @saved_sql_mode       = @@sql_mode */ ;
/*!50003 SET sql_mode              = 'STRICT_TRANS_TABLES,NO_ENGINE_SUBSTITUTION' */ ;
DELIMITER ;;
CREATE DEFINER=`root`@`localhost` FUNCTION `is_profitable`(item VARCHAR(255)) RETURNS int
    READS SQL DATA
    DETERMINISTIC
BEGIN
	DECLARE cost BIGINT DEFAULT (SELECT base_price FROM items WHERE name=item LIMIT 1);
    IF cost > recipe_sum(item) THEN
		RETURN TRUE;
	ELSE
		RETURN FALSE;
	END IF;
END ;;
DELIMITER ;
/*!50003 SET sql_mode              = @saved_sql_mode */ ;
/*!50003 SET character_set_client  = @saved_cs_client */ ;
/*!50003 SET character_set_results = @saved_cs_results */ ;
/*!50003 SET collation_connection  = @saved_col_connection */ ;
/*!50003 DROP FUNCTION IF EXISTS `is_stackable` */;
/*!50003 SET @saved_cs_client      = @@character_set_client */ ;
/*!50003 SET @saved_cs_results     = @@character_set_results */ ;
/*!50003 SET @saved_col_connection = @@collation_connection */ ;
/*!50003 SET character_set_client  = utf8mb4 */ ;
/*!50003 SET character_set_results = utf8mb4 */ ;
/*!50003 SET collation_connection  = utf8mb4_0900_ai_ci */ ;
/*!50003 SET @saved_sql_mode       = @@sql_mode */ ;
/*!50003 SET sql_mode              = 'STRICT_TRANS_TABLES,NO_ENGINE_SUBSTITUTION' */ ;
DELIMITER ;;
CREATE DEFINER=`root`@`localhost` FUNCTION `is_stackable`(item VARCHAR(255)) RETURNS varchar(6) CHARSET utf8
    READS SQL DATA
    DETERMINISTIC
BEGIN
	DECLARE stack INT DEFAULT (SELECT stack_size FROM items WHERE name=item LIMIT 1);
	IF stack = 1 THEN
		RETURN 'No';
	ELSEIF stack < 10 THEN
		RETURN 'Hardly';
	ELSE
		RETURN 'Yes';
	END IF;
END ;;
DELIMITER ;
/*!50003 SET sql_mode              = @saved_sql_mode */ ;
/*!50003 SET character_set_client  = @saved_cs_client */ ;
/*!50003 SET character_set_results = @saved_cs_results */ ;
/*!50003 SET collation_connection  = @saved_col_connection */ ;
/*!50003 DROP FUNCTION IF EXISTS `recipe_sum` */;
/*!50003 SET @saved_cs_client      = @@character_set_client */ ;
/*!50003 SET @saved_cs_results     = @@character_set_results */ ;
/*!50003 SET @saved_col_connection = @@collation_connection */ ;
/*!50003 SET character_set_client  = utf8mb4 */ ;
/*!50003 SET character_set_results = utf8mb4 */ ;
/*!50003 SET collation_connection  = utf8mb4_0900_ai_ci */ ;
/*!50003 SET @saved_sql_mode       = @@sql_mode */ ;
/*!50003 SET sql_mode              = 'STRICT_TRANS_TABLES,NO_ENGINE_SUBSTITUTION' */ ;
DELIMITER ;;
CREATE DEFINER=`root`@`localhost` FUNCTION `recipe_sum`(item VARCHAR(255)) RETURNS int
    READS SQL DATA
    DETERMINISTIC
BEGIN
	DECLARE total BIGINT UNSIGNED DEFAULT 0;
	SELECT SUM(amount * base_price) INTO total FROM
			items
		JOIN
			recipes_to_ingredients
		ON items.id=item_id
	WHERE recipe_id=(SELECT id FROM recipes WHERE product_id=(SELECT id FROM items WHERE name=item LIMIT 1) LIMIT 1);
    RETURN total;
END ;;
DELIMITER ;
/*!50003 SET sql_mode              = @saved_sql_mode */ ;
/*!50003 SET character_set_client  = @saved_cs_client */ ;
/*!50003 SET character_set_results = @saved_cs_results */ ;
/*!50003 SET collation_connection  = @saved_col_connection */ ;
/*!50003 DROP PROCEDURE IF EXISTS `dmg_and_def` */;
/*!50003 SET @saved_cs_client      = @@character_set_client */ ;
/*!50003 SET @saved_cs_results     = @@character_set_results */ ;
/*!50003 SET @saved_col_connection = @@collation_connection */ ;
/*!50003 SET character_set_client  = utf8mb4 */ ;
/*!50003 SET character_set_results = utf8mb4 */ ;
/*!50003 SET collation_connection  = utf8mb4_0900_ai_ci */ ;
/*!50003 SET @saved_sql_mode       = @@sql_mode */ ;
/*!50003 SET sql_mode              = 'STRICT_TRANS_TABLES,NO_ENGINE_SUBSTITUTION' */ ;
DELIMITER ;;
CREATE DEFINER=`root`@`localhost` PROCEDURE `dmg_and_def`()
    READS SQL DATA
    DETERMINISTIC
BEGIN
	SELECT item_id FROM items_to_damage_types
	WHERE item_id IN
	(SELECT item_id FROM items_to_defense_types);
END ;;
DELIMITER ;
/*!50003 SET sql_mode              = @saved_sql_mode */ ;
/*!50003 SET character_set_client  = @saved_cs_client */ ;
/*!50003 SET character_set_results = @saved_cs_results */ ;
/*!50003 SET collation_connection  = @saved_col_connection */ ;
/*!50003 DROP PROCEDURE IF EXISTS `find_recipes_on` */;
/*!50003 SET @saved_cs_client      = @@character_set_client */ ;
/*!50003 SET @saved_cs_results     = @@character_set_results */ ;
/*!50003 SET @saved_col_connection = @@collation_connection */ ;
/*!50003 SET character_set_client  = utf8mb4 */ ;
/*!50003 SET character_set_results = utf8mb4 */ ;
/*!50003 SET collation_connection  = utf8mb4_0900_ai_ci */ ;
/*!50003 SET @saved_sql_mode       = @@sql_mode */ ;
/*!50003 SET sql_mode              = 'STRICT_TRANS_TABLES,NO_ENGINE_SUBSTITUTION' */ ;
DELIMITER ;;
CREATE DEFINER=`root`@`localhost` PROCEDURE `find_recipes_on`(IN workbench VARCHAR(255))
    READS SQL DATA
    DETERMINISTIC
BEGIN

	SELECT id AS recipe_id, product_id FROM
	(
		recipes
	JOIN
		(
		SELECT recipe_id FROM recipes_to_workbenches
		WHERE workbench_id = (SELECT id FROM workbenches WHERE name = workbench)
		) AS rtow
	ON recipes.id = rtow.recipe_id
	);

END ;;
DELIMITER ;
/*!50003 SET sql_mode              = @saved_sql_mode */ ;
/*!50003 SET character_set_client  = @saved_cs_client */ ;
/*!50003 SET character_set_results = @saved_cs_results */ ;
/*!50003 SET collation_connection  = @saved_col_connection */ ;
/*!50003 DROP PROCEDURE IF EXISTS `item_effects` */;
/*!50003 SET @saved_cs_client      = @@character_set_client */ ;
/*!50003 SET @saved_cs_results     = @@character_set_results */ ;
/*!50003 SET @saved_col_connection = @@collation_connection */ ;
/*!50003 SET character_set_client  = utf8mb4 */ ;
/*!50003 SET character_set_results = utf8mb4 */ ;
/*!50003 SET collation_connection  = utf8mb4_0900_ai_ci */ ;
/*!50003 SET @saved_sql_mode       = @@sql_mode */ ;
/*!50003 SET sql_mode              = 'STRICT_TRANS_TABLES,NO_ENGINE_SUBSTITUTION' */ ;
DELIMITER ;;
CREATE DEFINER=`root`@`localhost` PROCEDURE `item_effects`(IN item VARCHAR(255))
    READS SQL DATA
    DETERMINISTIC
BEGIN
	SELECT items.name AS Name, item_types.name AS Type, effects.name AS Effect, duration AS Duration FROM
	items JOIN items_to_effects ON id = item_id
		JOIN effects ON effect_id = effects.id
			JOIN item_types ON item_type_id = item_types.id
	WHERE items.name = item;
END ;;
DELIMITER ;
/*!50003 SET sql_mode              = @saved_sql_mode */ ;
/*!50003 SET character_set_client  = @saved_cs_client */ ;
/*!50003 SET character_set_results = @saved_cs_results */ ;
/*!50003 SET collation_connection  = @saved_col_connection */ ;

--
-- Final view structure for view `detailed_items`
--

/*!50001 DROP VIEW IF EXISTS `detailed_items`*/;
/*!50001 SET @saved_cs_client          = @@character_set_client */;
/*!50001 SET @saved_cs_results         = @@character_set_results */;
/*!50001 SET @saved_col_connection     = @@collation_connection */;
/*!50001 SET character_set_client      = utf8mb4 */;
/*!50001 SET character_set_results     = utf8mb4 */;
/*!50001 SET collation_connection      = utf8mb4_0900_ai_ci */;
/*!50001 CREATE ALGORITHM=UNDEFINED */
/*!50013 DEFINER=`root`@`localhost` SQL SECURITY DEFINER */
/*!50001 VIEW `detailed_items` AS select `items`.`name` AS `Item`,`items`.`description` AS `Description`,`item_types`.`name` AS `Type`,`character_classes`.`name` AS `Class`,`rarities`.`name` AS `Rarity`,`items_to_damage_types`.`value` AS `Damage`,`damage_types`.`name` AS `Damage type`,`items_to_defense_types`.`value` AS `Defense`,`defense_types`.`name` AS `Defense type`,`items`.`base_price` AS `Price`,`items`.`stack_size` AS `Stack` from ((((((((`items` join `item_types` on((`items`.`item_type_id` = `item_types`.`id`))) join `rarities` on((`items`.`rarity_id` = `rarities`.`id`))) left join `items_to_character_classes` on((`items`.`id` = `items_to_character_classes`.`item_id`))) left join `character_classes` on((`items_to_character_classes`.`class_id` = `character_classes`.`id`))) left join `items_to_defense_types` on((`items`.`id` = `items_to_defense_types`.`item_id`))) left join `defense_types` on((`items_to_defense_types`.`defense_type_id` = `defense_types`.`id`))) left join `items_to_damage_types` on((`items`.`id` = `items_to_damage_types`.`item_id`))) left join `damage_types` on((`items_to_damage_types`.`damage_type_id` = `damage_types`.`id`))) order by `items`.`id` */;
/*!50001 SET character_set_client      = @saved_cs_client */;
/*!50001 SET character_set_results     = @saved_cs_results */;
/*!50001 SET collation_connection      = @saved_col_connection */;

--
-- Final view structure for view `type_one`
--

/*!50001 DROP VIEW IF EXISTS `type_one`*/;
/*!50001 SET @saved_cs_client          = @@character_set_client */;
/*!50001 SET @saved_cs_results         = @@character_set_results */;
/*!50001 SET @saved_col_connection     = @@collation_connection */;
/*!50001 SET character_set_client      = utf8mb4 */;
/*!50001 SET character_set_results     = utf8mb4 */;
/*!50001 SET collation_connection      = utf8mb4_0900_ai_ci */;
/*!50001 CREATE ALGORITHM=UNDEFINED */
/*!50013 DEFINER=`root`@`localhost` SQL SECURITY DEFINER */
/*!50001 VIEW `type_one` AS select `items`.`id` AS `id`,`items`.`name` AS `name`,`items`.`description` AS `description`,`items`.`image_id` AS `image_id`,`items`.`base_price` AS `base_price`,`items`.`rarity_id` AS `rarity_id`,`items`.`item_type_id` AS `item_type_id`,`items`.`stack_size` AS `stack_size` from `items` where (`items`.`item_type_id` = 1) */;
/*!50001 SET character_set_client      = @saved_cs_client */;
/*!50001 SET character_set_results     = @saved_cs_results */;
/*!50001 SET collation_connection      = @saved_col_connection */;
/*!40103 SET TIME_ZONE=@OLD_TIME_ZONE */;

/*!40101 SET SQL_MODE=@OLD_SQL_MODE */;
/*!40014 SET FOREIGN_KEY_CHECKS=@OLD_FOREIGN_KEY_CHECKS */;
/*!40014 SET UNIQUE_CHECKS=@OLD_UNIQUE_CHECKS */;
/*!40101 SET CHARACTER_SET_CLIENT=@OLD_CHARACTER_SET_CLIENT */;
/*!40101 SET CHARACTER_SET_RESULTS=@OLD_CHARACTER_SET_RESULTS */;
/*!40101 SET COLLATION_CONNECTION=@OLD_COLLATION_CONNECTION */;
/*!40111 SET SQL_NOTES=@OLD_SQL_NOTES */;

-- Dump completed on 2020-12-01 17:03:39
